,User Requirement,Naive estimate,Dijkstra estimate,A* estimate,BOCS estimate,Naive success,Dijkstra success,A* success,BOCS success,Constraint List,Naive control List,Dijkstra control list,A star control list,BOCS control list,ControlNodesGroup,Naive path,Dijkstra path,A* path,BOCS path,Naive path length,Dijkstra path length,A* path length,BOCS path length,Naive runtime,Dijkstra runtime,A* runtime,BOCS runtime
Sec1|Node11|Edge1,f1 -> f2,1,1,1,1,0,0,0,1,"[[1, 'v3']]","['v2', 'c1', 'c2', 'c3', 'v3']","['v2', 'c1', 'c2', 'c3', 'v3']","['v2', 'c1', 'c2', 'c3', 'v3']",[],"[['v3', 'c1', 'c3', 'v2', 'v1', 'c2']]","['f1', 'f2']","['f1', 'f2']","['f1', 'f2']","['f1', 'fo1', 'f2']",2,2,2,4,1.12056732177734E-05,1.83582305908203E-05,2.62260437011719E-05,9.48905944824219E-05
Sec1|Node11|Edge2,f1 -> f2,1,1,1,0,0,0,0,2,"[[1, 'v2'], [1, 'v1']]","['v2', 'v1', 'v3', 'c1', 'c2', 'c3']","['v2', 'v1', 'v3', 'c1', 'c2', 'c3']","['v2', 'v1', 'v3', 'c1', 'c2', 'c3']",[],"[['v2', 'c1', 'c2', 'c3', 'v1', 'v3']]","['f1', 'fo1', 'f2']","['f1', 'fo1', 'f2']","['f1', 'fo1', 'f2']",[],4,4,4,-1,1.12056732177734E-05,1.57356262207031E-05,2.69412994384766E-05,9.44137573242188E-05
Sec1|Node11|Edge3,f1 -> f2,1,1,1,1,0,0,0,1,"[[1, 'v3'], [2, 'v3', 'v1']]","['v3', 'c1', 'c2', 'v1']","['v3', 'c1', 'c2', 'v1']","['v3', 'c1', 'c2', 'v1']",[],"[['v3', 'c1', 'c2', 'v1', 'v2', 'c3']]","['f1', 'f2']","['f1', 'f2']","['f1', 'f2']","['f1', 'fo1', 'fo2', 'f3', 'f2']",2,2,2,8,1.1444091796875E-05,1.66893005371094E-05,1.85966491699219E-05,0.000136375427246
Sec1|Node11|Edge4,f1 -> f2,1,1,1,1,1,1,1,1,"[[1, 'v1'], [1, 'v2']]",[],[],[],[],"[['v1', 'c1', 'c2', 'c3', 'v3', 'v2']]","['f1', 'fo1', 'f2']","['f1', 'fo1', 'f2']","['f1', 'fo1', 'f2']","['f1', 'fo1', 'f2']",4,4,4,4,2.09808349609375E-05,2.43186950683594E-05,5.76972961425781E-05,0.000159978866577
Sec1|Node11|Edge5,f1 -> f2,1,1,1,1,1,1,1,1,"[[1, 'v3'], [2, 'v1', 'v2'], [1, 'v1']]",[],[],[],[],"[['v3', 'c2'], ['v1', 'c3', 'v2']]","['f1', 'f2']","['f1', 'f2']","['f1', 'f2']","['f1', 'f2']",2,2,2,2,1.19209289550781E-05,1.88350677490234E-05,2.52723693847656E-05,9.32216644287109E-05
Sec1|Node11|Edge6,f1 -> f2,1,1,1,1,1,1,1,1,"[[1, 'v3'], [1, 'v2'], [2, 'v1', 'v3']]",[],[],[],[],"[['v3', 'c2', 'v2'], ['v1', 'c1']]","['f1', 'f3', 'f2']","['f1', 'f3', 'f2']","['f1', 'f3', 'f2']","['f1', 'f3', 'f2']",4,4,4,4,1.21593475341797E-05,1.66893005371094E-05,3.07559967041016E-05,0.000246047973633
Sec1|Node11|Edge7,f1 -> f2,1,1,1,1,1,1,1,1,"[[1, 'v1'], [2, 'v2', 'v3'], [1, 'v3']]",[],[],[],[],"[['v1', 'c1', 'v2', 'v3', 'c3']]","['f1', 'f2']","['f1', 'f2']","['f1', 'f2']","['f1', 'f2']",2,2,2,2,1.21593475341797E-05,1.57356262207031E-05,1.52587890625E-05,0.000113725662231
Sec1|Node11|Edge8,f1 -> f2,1,1,1,1,1,1,1,1,"[[1, 'v2'], [2, 'v1', 'v2']]",[],[],[],[],"[['v2', 'c2', 'c3', 'v1']]","['f1', 'f2']","['f1', 'f2']","['f1', 'f2']","['f1', 'f2']",2,2,2,2,1.33514404296875E-05,1.81198120117187E-05,2.50339508056641E-05,9.44137573242188E-05
Sec1|Node9|Edge1,f1 -> f2,1,1,1,1,1,1,1,1,"[[2, 'co1', 'v1'], [1, 'co1']]","['v1', 'c5']","['v1', 'c5']","['v1', 'c5']",[],"[['co1', 'c8'], ['v1', 'c5']]","['f1', 'fo1', 'f2']","['f1', 'fo1', 'f2']","['f1', 'fo1', 'f2']","['f1', 'fo1', 'f4', 'f2']",4,4,4,6,1.23977661132813E-05,1.57356262207031E-05,3.24249267578125E-05,0.000161170959473
Sec1|Node9|Edge2,f1 -> f2,1,1,1,1,1,1,1,1,"[[2, 'v1', 'co1']]","['co1', 'c7']","['co1', 'c7']","['co1', 'c7']",[],"[['v1', 'c1'], ['co1', 'c7']]","['f1', 'f2']","['f1', 'f2']","['f1', 'f2']","['f1', 'fo1', 'f2']",2,2,2,4,1.21593475341797E-05,1.74045562744141E-05,2.69412994384766E-05,0.000183582305908
Sec1|Node9|Edge3,f1 -> f2,1,1,1,1,1,1,1,1,"[[1, 'v1'], [1, 'co1']]",[],[],[],[],"[['v1', 'c5'], ['co1', 'c1', 'c4']]","['f1', 'fo1', 'f2']","['f1', 'fo1', 'f2']","['f1', 'fo1', 'f2']","['f1', 'fo1', 'f2']",4,4,4,4,1.16825103759766E-05,1.57356262207031E-05,3.26633453369141E-05,7.17639923095703E-05
Sec1|Node9|Edge4,f1 -> f2,1,1,1,1,1,1,1,1,"[[1, 'co1']]",[],[],[],[],"[['co1', 'c7']]","['f1', 'f4', 'f2']","['f1', 'f4', 'f2']","['f1', 'f4', 'f2']","['f1', 'f4', 'f2']",4,4,4,4,1.21593475341797E-05,1.64508819580078E-05,3.45706939697266E-05,7.22408294677734E-05
Sec1|Node9|Edge5,f1 -> f2,1,1,1,1,1,1,1,1,"[[1, 'v1']]","['co1', 'c4', 'c7']","['co1', 'c4', 'c7']","['co1', 'c4', 'c7']","['co1', 'c4', 'c7']","[['v1', 'c1', 'c3']]","['f1', 'fo1', 'f2']","['f1', 'fo1', 'f2']","['f1', 'fo1', 'f2']","['f1', 'fo1', 'f2']",4,4,4,4,1.23977661132813E-05,1.59740447998047E-05,3.48091125488281E-05,7.22408294677734E-05
Sec1|Node9|Edge6,f1 -> f2,1,1,1,1,1,1,1,1,"[[2, 'co1', 'v1']]","['co1', 'c2']","['co1', 'c2']","['co1', 'c2']",[],"[['co1', 'c2'], ['v1', 'c1']]","['f1', 'f2']","['f1', 'f2']","['f1', 'f2']","['f1', 'fo1', 'f2']",2,2,2,4,1.19209289550781E-05,1.71661376953125E-05,1.95503234863281E-05,0.000164747238159
Sec1|Node9|Edge7,f1 -> f2,1,1,1,0,0,0,0,2,"[[1, 'co1']]","['v1', 'c2']","['v1', 'c2']","['v1', 'c2']",[],"[['co1', 'c2', 'v1']]","['f1', 'fo1', 'f2']","['f1', 'fo1', 'f2']","['f1', 'fo1', 'f2']",[],4,4,4,-1,1.23977661132813E-05,1.54972076416016E-05,3.24249267578125E-05,7.00950622558594E-05
Sec1|Node9|Edge8,f1 -> f2,1,1,1,1,0,0,0,1,"[[1, 'co1'], [1, 'v1']]","['co1', 'c1', 'c5']","['co1', 'c1', 'c5']","['co1', 'c1', 'c5']",[],"[['co1', 'c1', 'c5'], ['v1', 'c6']]","['f1', 'f3', 'f2']","['f1', 'f3', 'f2']","['f1', 'f3', 'f2']","['f1', 'fo1', 'f2']",4,4,4,4,1.1444091796875E-05,1.64508819580078E-05,3.74317169189453E-05,8.27312469482422E-05
Sec1|Node2|Edge1,f1 -> f2,1,1,1,0,0,0,0,2,"[[2, 'v2', 'v1']]","['v2', 'c1', 'c2', 'v1']","['v2', 'c1', 'c2', 'v1']","['v2', 'c1', 'c2', 'v1']",[],"[['v2', 'c1', 'c2', 'v1']]","['f1', 'f6', 'fo2', 'f4', 'f2']","['f1', 'f6', 'fo2', 'f4', 'f2']","['f1', 'f6', 'fo2', 'f4', 'f2']",[],8,8,8,-1,1.45435333251953E-05,2.05039978027344E-05,4.9591064453125E-05,0.000113010406494
Sec1|Node2|Edge2,f1 -> f2,1,1,1,1,1,1,1,1,"[[1, 'v1']]",[],[],[],[],"[['v1', 'c1']]","['f1', 'f3', 'fo2', 'f2']","['f1', 'f3', 'fo2', 'f2']","['f1', 'f3', 'fo2', 'f2']","['f1', 'f3', 'fo2', 'f2']",6,6,6,6,1.52587890625E-05,2.02655792236328E-05,3.91006469726562E-05,7.53402709960937E-05
Sec1|Node2|Edge3,f1 -> f2,1,1,1,1,1,1,1,1,"[[1, 'v1'], [2, 'v2', 'v1']]",[],[],[],[],"[['v1', 'c1', 'c2', 'v2']]","['f1', 'f3', 'f6', 'f2']","['f1', 'f3', 'f6', 'f2']","['f1', 'f3', 'f6', 'f2']","['f1', 'f3', 'f6', 'f2']",6,6,6,6,1.57356262207031E-05,2.00271606445312E-05,3.79085540771484E-05,0.000117540359497
Sec1|Node2|Edge4,f1 -> f2,1,1,1,1,0,0,0,1,"[[2, 'v1', 'v2'], [1, 'v2']]","['v1', 'v2', 'c1', 'c2']","['v1', 'v2', 'c1', 'c2']","['v1', 'v2', 'c1', 'c2']",[],"[['v1', 'c1', 'v2', 'c2']]","['f1', 'fo3', 'f2']","['f1', 'fo3', 'f2']","['f1', 'fo3', 'f2']","['f1', 'fo3', 'fo2', 'f2']",4,4,4,6,1.54972076416016E-05,2.24113464355469E-05,4.81605529785156E-05,0.000128746032715
Sec1|Node2|Edge5,f1 -> f2,1,1,1,1,1,1,1,1,"[[1, 'v2']]",[],[],[],[],"[['v2', 'c2', 'v1']]","['f1', 'f5', 'fo3', 'f2']","['f1', 'f5', 'fo3', 'f2']","['f1', 'f5', 'fo3', 'f2']","['f1', 'f5', 'fo3', 'f2']",6,6,6,6,1.57356262207031E-05,2.16960906982422E-05,4.45842742919922E-05,8.86917114257813E-05
Sec1|Node2|Edge6,f1 -> f2,1,1,1,0,0,0,0,2,"[[1, 'v2'], [2, 'v2', 'v1']]","['v2', 'c1', 'c2', 'v1']","['v2', 'c1', 'c2', 'v1']","['v2', 'c1', 'c2', 'v1']",[],"[['v2', 'c1', 'c2', 'v1']]","['f1', 'f5', 'f4', 'f2']","['f1', 'f5', 'f4', 'f2']","['f1', 'f5', 'f4', 'f2']",[],6,6,6,-1,1.43051147460938E-05,2.12192535400391E-05,3.12328338623047E-05,0.000100135803223
Sec1|Node2|Edge7,f1 -> f2,1,1,1,1,1,1,1,1,"[[1, 'v1'], [2, 'v2', 'v1']]",[],[],[],[],"[['v1', 'c1', 'c2', 'v2']]","['f1', 'fo2', 'f6', 'f2']","['f1', 'fo2', 'f6', 'f2']","['f1', 'fo2', 'f6', 'f2']","['f1', 'fo2', 'f6', 'f2']",6,6,6,6,1.47819519042969E-05,2.14576721191406E-05,5.74588775634766E-05,0.000121831893921
Sec1|Node2|Edge8,f1 -> f2,1,1,1,0,0,0,0,2,"[[1, 'v1'], [2, 'v1', 'v2']]","['v1', 'c1']","['v1', 'c1']","['v1', 'c1']",[],"[['v1', 'c1', 'v2', 'c2']]","['f1', 'f6', 'fo3', 'f2']","['f1', 'f6', 'fo3', 'f2']","['f1', 'f6', 'fo3', 'f2']",[],6,6,6,-1,1.47819519042969E-05,2.00271606445312E-05,4.64916229248047E-05,8.17775726318359E-05
Sec1|Node25|Edge1,f1 -> f2,1,1,1,1,1,1,1,1,"[[1, 'v4'], [2, 'v4', 'v3']]",[],[],[],[],"[['v4', 'c1', 'v3', 'v1', 'v2', 'co1']]","['f1', 'f2']","['f1', 'f2']","['f1', 'f2']","['f1', 'f2']",2,2,2,2,1.33514404296875E-05,1.9073486328125E-05,2.59876251220703E-05,0.000121355056763
Sec1|Node25|Edge2,f1 -> f2,1,1,1,0,0,0,0,2,"[[2, 'v4', 'v2']]","['v1', 'v3', 'c1']","['v1', 'v3', 'c1']","['v4', 'v2', 'c1', 'co1']",[],"[['v4', 'c1', 'co1', 'v1', 'v2', 'v3']]","['f1', 'fo2', 'fo1', 'f2']","['f1', 'fo2', 'fo1', 'f2']","['f1', 'fo3', 'fo1', 'f2']",[],6,6,6,-1,1.31130218505859E-05,1.88350677490234E-05,4.14848327636719E-05,8.32080841064453E-05
Sec1|Node25|Edge3,f1 -> f2,1,1,1,0,0,0,0,2,"[[1, 'v1'], [2, 'v3', 'v1'], [2, 'v4', 'co1'], [1, 'v3']]","['v2', 'c1']","['v2', 'c1']","['v4', 'c1']",[],"[['v1', 'c1', 'v2', 'v3', 'v4', 'co1']]","['f1', 'fo2', 'f2']","['f1', 'fo2', 'f2']","['f1', 'fo4', 'f2']",[],4,4,4,-1,1.28746032714844E-05,1.93119049072266E-05,4.10079956054688E-05,0.000175476074219
Sec1|Node25|Edge4,f1 -> f2,1,1,1,0,0,0,0,2,"[[1, 'co1']]","['co1', 'c1']","['co1', 'c1']","['co1', 'c1']",[],"[['co1', 'c1', 'v1', 'v2', 'v3', 'v4']]","['f1', 'f2']","['f1', 'f2']","['f1', 'f2']",[],2,2,2,-1,1.35898590087891E-05,1.62124633789062E-05,1.88350677490234E-05,6.77108764648437E-05
Sec1|Node25|Edge5,f1 -> f2,1,1,1,0,0,0,0,2,"[[2, 'co1', 'v1'], [2, 'v3', 'v2'], [2, 'v3', 'v4'], [1, 'v3'], [2, 'v2', 'v4']]","['v2', 'c1']","['v2', 'c1']","['v2', 'c1']",[],"[['co1', 'c1', 'v1', 'v2', 'v3', 'v4']]","['f1', 'f2']","['f1', 'f2']","['f1', 'f2']",[],2,2,2,-1,1.35898590087891E-05,1.74045562744141E-05,1.93119049072266E-05,0.000223159790039
Sec1|Node25|Edge6,f1 -> f2,1,1,1,0,0,0,0,2,"[[2, 'v1', 'v4'], [2, 'v3', 'co1'], [2, 'v4', 'co1']]","['v3', 'v4', 'co1', 'c1']","['v3', 'v4', 'co1', 'c1']","['v3', 'v4', 'co1', 'c1']",[],"[['v1', 'c1', 'v2', 'v3', 'v4', 'co1']]","['f1', 'fo1', 'f2']","['f1', 'fo1', 'f2']","['f1', 'fo1', 'f2']",[],4,4,4,-1,1.93119049072266E-05,1.83582305908203E-05,3.88622283935547E-05,0.000182628631592
Sec1|Node25|Edge7,f1 -> f2,1,1,1,1,1,1,1,1,"[[1, 'v2'], [2, 'co1', 'v4']]",[],[],[],[],"[['v2', 'c1', 'v4', 'co1', 'v1', 'v3']]","['f1', 'f2']","['f1', 'f2']","['f1', 'f2']","['f1', 'f2']",2,2,2,2,1.47819519042969E-05,2.14576721191406E-05,3.0517578125E-05,0.000146150588989
Sec1|Node25|Edge8,f1 -> f2,1,1,1,1,1,1,1,1,"[[1, 'v2']]",[],[],[],[],"[['v2', 'c1', 'v1', 'v3', 'v4', 'co1']]","['f1', 'f2']","['f1', 'f2']","['f1', 'f2']","['f1', 'f2']",2,2,2,2,1.23977661132813E-05,2.00271606445312E-05,3.07559967041016E-05,7.67707824707031E-05
Sec1|Node10|Edge1,f1 -> f2,1,1,1,1,1,1,1,1,"[[1, 'v1'], [2, 'v1', 'co1']]",[],[],[],[],"[['v1', 'c1', 'co1']]","['f1', 'fo1', 'f2']","['f1', 'fo1', 'f2']","['f1', 'fo1', 'f2']","['f1', 'fo1', 'f2']",4,4,4,4,1.43051147460938E-05,2.09808349609375E-05,4.52995300292969E-05,0.000106334686279
Sec1|Node10|Edge2,f1 -> f2,1,1,1,1,1,1,1,1,"[[2, 'v1', 'co1'], [1, 'co1']]",[],[],[],[],"[['v1', 'c1', 'co1']]","['f1', 'f2']","['f1', 'f2']","['f1', 'f2']","['f1', 'f2']",2,2,2,2,1.97887420654297E-05,3.19480895996094E-05,3.40938568115234E-05,0.000124216079712
Sec1|Node10|Edge3,f1 -> f2,1,1,1,1,1,1,1,1,"[[2, 'co1', 'v1'], [1, 'v1']]",[],[],[],[],"[['co1', 'c1', 'v1']]","['f1', 'fo1', 'f2']","['f1', 'fo1', 'f2']","['f1', 'fo1', 'f2']","['f1', 'fo1', 'f2']",4,4,4,4,1.40666961669922E-05,2.288818359375E-05,4.43458557128906E-05,0.000107288360596
Sec1|Node10|Edge4,f1 -> f2,1,1,1,1,1,1,1,1,"[[1, 'co1']]",[],[],[],[],"[['co1', 'c1', 'v1']]","['f1', 'fo1', 'f2']","['f1', 'fo1', 'f2']","['f1', 'f3', 'f2']","['f1', 'f3', 'f2']",4,4,4,4,1.40666961669922E-05,2.31266021728516E-05,5.19752502441406E-05,0.000108480453491
Sec1|Node10|Edge5,f1 -> f2,1,1,1,1,1,1,1,1,"[[1, 'co1']]",[],[],[],[],"[['co1', 'c1', 'v1']]","['f1', 'f2']","['f1', 'f2']","['f1', 'f2']","['f1', 'f2']",2,2,2,2,1.45435333251953E-05,2.21729278564453E-05,2.55107879638672E-05,7.34329223632812E-05
Sec1|Node10|Edge6,f1 -> f2,1,1,1,1,0,0,0,1,"[[1, 'v1']]","['co1', 'c1']","['co1', 'c1']","['co1', 'c1']",[],"[['v1', 'c1', 'co1']]","['f1', 'fo1', 'f2']","['f1', 'fo1', 'f2']","['f1', 'fo1', 'f2']","['f1', 'fo1', 'f6', 'f2']",4,4,4,6,1.31130218505859E-05,1.93119049072266E-05,3.79085540771484E-05,8.36849212646484E-05
Sec1|Node10|Edge7,f1 -> f2,1,1,1,0,0,0,0,2,"[[2, 'co1', 'v1']]","['co1', 'c1']","['co1', 'c1']","['co1', 'c1']",[],"[['co1', 'c1', 'v1']]","['f1', 'fo1', 'f3', 'f5', 'f2']","['f1', 'fo1', 'f3', 'f5', 'f2']","['f1', 'fo1', 'f3', 'f4', 'f2']",[],8,8,8,-1,1.43051147460938E-05,1.9073486328125E-05,5.10215759277344E-05,6.17504119873047E-05
Sec1|Node10|Edge8,f1 -> f2,1,1,1,1,1,1,1,1,"[[1, 'co1'], [1, 'v1']]",[],[],[],[],"[['co1', 'c1', 'v1']]","['f1', 'f2']","['f1', 'f2']","['f1', 'f2']","['f1', 'f2']",2,2,2,2,1.50203704833984E-05,1.97887420654297E-05,1.88350677490234E-05,7.12871551513672E-05
Sec1|Node24|Edge1,f1 -> f2,1,1,1,0,0,0,0,23,"[[2, 'v4', 'co1'], [1, 'v3'], [2, 'v4', 'v1'], [2, 'v3', 'v2'], [1, 'v2']]","['v4', 'c2']","['v4', 'c2']","['v4', 'c2']",[],"[['v4', 'c2', 'v2'], ['co1', 'c1', 'v1', 'v3', 'co2']]","['f1', 'f4', 'f2']","['f1', 'f4', 'f2']","['f1', 'f4', 'f2']",[],4,4,4,-1,1.09672546386719E-05,1.59740447998047E-05,3.09944152832031E-05,0.001181125640869
Sec1|Node24|Edge2,f1 -> f2,1,1,1,1,1,1,1,1,"[[2, 'co2', 'v3'], [2, 'v2', 'v3']]","['co2', 'c1']","['co2', 'c1']","['co2', 'c1']","['co2', 'c1']","[['co2', 'c1', 'v2', 'v4', 'co1'], ['v3', 'c2', 'v1']]","['f1', 'f4', 'f2']","['f1', 'f4', 'f2']","['f1', 'f4', 'f2']","['f1', 'f4', 'f2']",4,4,4,4,1.21593475341797E-05,1.54972076416016E-05,3.12328338623047E-05,0.000540494918823
Sec1|Node24|Edge3,f1 -> f2,1,1,1,0,0,0,0,2,"[[1, 'v3']]","['v2', 'co1', 'v3', 'c1', 'c2']","['v2', 'co1', 'v3', 'c1', 'c2']","['v2', 'co1', 'v3', 'c1', 'c2']",[],"[['v3', 'c2', 'v2', 'v4', 'co2', 'c1', 'v1', 'co1']]","['f1', 'f3', 'f2']","['f1', 'f3', 'f2']","['f1', 'f3', 'f2']",[],4,4,4,-1,1.40666961669922E-05,1.85966491699219E-05,3.38554382324219E-05,7.51018524169922E-05
Sec1|Node24|Edge4,f1 -> f2,1,1,1,0,0,0,0,2,"[[2, 'v1', 'co1'], [1, 'co2'], [1, 'co1'], [2, 'v1', 'co2']]","['v2', 'v3', 'c1', 'c2', 'co2']","['v2', 'v3', 'c1', 'c2', 'co2']","['v2', 'v3', 'c1', 'c2', 'co2']",[],"[['v1', 'c1', 'v4', 'v2', 'co2', 'c2', 'co1', 'v3']]","['f1', 'f2']","['f1', 'f2']","['f1', 'f2']",[],2,2,2,-1,1.1444091796875E-05,1.45435333251953E-05,2.40802764892578E-05,0.000277996063232
Sec1|Node24|Edge5,f1 -> f2,1,1,1,0,0,0,0,2,"[[2, 'v1', 'co1'], [1, 'v3']]","['v3', 'c1', 'v2']","['v3', 'c1', 'v2']","['v3', 'c1', 'v2']",[],"[['v1', 'c2', 'v2', 'co1', 'v3', 'co2', 'c1', 'v4']]","['f1', 'f2']","['f1', 'f2']","['f1', 'f2']",[],2,2,2,-1,1.45435333251953E-05,1.47819519042969E-05,2.26497650146484E-05,0.000158786773682
Sec1|Node24|Edge6,f1 -> f2,1,1,1,0,0,0,0,2,"[[1, 'v4'], [2, 'co2', 'v3'], [1, 'co2'], [2, 'v4', 'co2'], [2, 'v2', 'v1']]","['co1', 'v1', 'v3', 'co2', 'c1', 'c2', 'v4']","['co1', 'v1', 'v3', 'co2', 'c1', 'c2', 'v4']","['co1', 'v1', 'v3', 'co2', 'c1', 'c2', 'v4']",[],"[['v4', 'c2', 'v1', 'v2', 'v3', 'co1', 'co2', 'c1']]","['f1', 'f4', 'f2']","['f1', 'f4', 'f2']","['f1', 'f4', 'f2']",[],4,4,4,-1,1.52587890625E-05,1.54972076416016E-05,3.26633453369141E-05,0.000338792800903
Sec1|Node24|Edge7,f1 -> f2,1,1,1,0,0,0,0,2,"[[1, 'v4'], [1, 'co1'], [2, 'v1', 'co1'], [2, 'co2', 'v2'], [2, 'v4', 'v3']]","['v1', 'co2', 'c1', 'c2', 'v2', 'v3']","['v1', 'co2', 'c1', 'c2', 'v2', 'v3']","['v1', 'co2', 'c1', 'c2', 'v2', 'v3']",[],"[['v4', 'c2', 'co1', 'v1', 'v3', 'c1', 'v2', 'co2']]","['f1', 'f2']","['f1', 'f2']","['f1', 'f2']",[],2,2,2,-1,1.21593475341797E-05,1.50203704833984E-05,1.97887420654297E-05,0.000343799591064
Sec1|Node24|Edge8,f1 -> f2,1,1,1,0,0,0,0,2,"[[1, 'v2']]","['co2', 'c1', 'c2']","['co2', 'c1', 'c2']","['co2', 'c1', 'c2']",[],"[['v2', 'c1', 'co2', 'c2', 'v1', 'v3', 'v4', 'co1']]","['f1', 'f2']","['f1', 'f2']","['f1', 'f2']",[],2,2,2,-1,1.07288360595703E-05,1.50203704833984E-05,2.40802764892578E-05,8.15391540527344E-05
Sec1|Node18|Edge1,f1 -> f2,1,1,1,0,0,0,0,2,"[[1, 'v1'], [1, 'v2'], [2, 'v3', 'v1']]","['v2', 'v3', 'c1', 'c2', 'c3', 'v1']","['v2', 'v3', 'c1', 'c2', 'c3', 'v1']","['v2', 'v3', 'c1', 'c2', 'c3', 'v1']",[],"[['v1', 'c2', 'c3', 'v2', 'v3', 'c1']]","['f1', 'f2']","['f1', 'f2']","['f1', 'f2']",[],2,2,2,-1,9.5367431640625E-06,1.28746032714844E-05,1.9073486328125E-05,0.000127792358398
Sec1|Node18|Edge2,f1 -> f2,1,1,1,0,0,0,0,2,"[[2, 'v2', 'v1'], [2, 'v1', 'v3']]","['v1', 'v2', 'c1', 'c2', 'c3']","['v1', 'v2', 'c1', 'c2', 'c3']","['v1', 'v2', 'c1', 'c2', 'c3']",[],"[['v2', 'c1', 'c2', 'c3', 'v3', 'v1']]","['f1', 'f2']","['f1', 'f2']","['f1', 'f2']",[],2,2,2,-1,1.00135803222656E-05,1.28746032714844E-05,1.9073486328125E-05,0.000118255615234
Sec1|Node18|Edge3,f1 -> f2,1,1,1,1,1,1,1,1,"[[1, 'v3']]","['v1', 'c1']","['v1', 'c1']","['v1', 'c1']","['v1', 'c1']","[['v3', 'c3']]","['f1', 'f2']","['f1', 'f2']","['f1', 'f2']","['f1', 'f2']",2,2,2,2,9.77516174316406E-06,1.28746032714844E-05,1.85966491699219E-05,4.74452972412109E-05
Sec1|Node18|Edge4,f1 -> f2,1,1,1,0,0,0,0,2,"[[1, 'v1'], [1, 'v2'], [1, 'v3']]","['v1', 'v2', 'c1', 'c2']","['v1', 'v2', 'c1', 'c2']","['v1', 'v2', 'c1', 'c2']",[],"[['v1', 'c1', 'c2', 'v2', 'v3']]","['f1', 'f2']","['f1', 'f2']","['f1', 'f2']",[],2,2,2,-1,1.02519989013672E-05,1.40666961669922E-05,2.05039978027344E-05,9.48905944824219E-05
Sec1|Node18|Edge5,f1 -> f2,1,1,1,0,0,0,0,2,"[[1, 'v2'], [2, 'v2', 'v1']]","['v1', 'c1', 'c3']","['v1', 'c1', 'c3']","['v1', 'c1', 'c3']",[],"[['v2', 'c1', 'v3', 'v1', 'c3']]","['f1', 'f2']","['f1', 'f2']","['f1', 'f2']",[],2,2,2,-1,1.00135803222656E-05,1.38282775878906E-05,1.9073486328125E-05,8.74996185302734E-05
Sec1|Node18|Edge6,f1 -> f2,1,1,1,1,1,1,1,1,"[[1, 'v1']]",[],[],[],[],"[['v1', 'c2', 'c3', 'v2', 'v3', 'c1']]","['f1', 'f2']","['f1', 'f2']","['f1', 'f2']","['f1', 'f2']",2,2,2,2,1.00135803222656E-05,1.31130218505859E-05,1.88350677490234E-05,5.67436218261719E-05
Sec1|Node18|Edge7,f1 -> f2,1,1,1,0,0,0,0,2,"[[1, 'v2'], [2, 'v2', 'v3'], [1, 'v3']]","['v2', 'c1', 'c2', 'c3', 'v1', 'v3']","['v2', 'c1', 'c2', 'c3', 'v1', 'v3']","['v2', 'c1', 'c2', 'c3', 'v1', 'v3']",[],"[['v2', 'c1', 'c2', 'c3', 'v1', 'v3']]","['f1', 'f2']","['f1', 'f2']","['f1', 'f2']",[],2,2,2,-1,9.5367431640625E-06,1.35898590087891E-05,1.97887420654297E-05,0.000128746032715
Sec1|Node18|Edge8,f1 -> f2,1,1,1,1,1,1,1,1,"[[1, 'v2'], [1, 'v1'], [1, 'v3']]",[],[],[],[],"[['v2', 'c1', 'c3', 'v1', 'v3', 'c2']]","['f1', 'f2']","['f1', 'f2']","['f1', 'f2']","['f1', 'f2']",2,2,2,2,1.02519989013672E-05,1.28746032714844E-05,1.95503234863281E-05,0.000124454498291
Sec1|Node3|Edge1,f1 -> f2,1,1,1,0,0,0,0,2,"[[2, 'co2', 'v1'], [1, 'co3']]","['v1', 'c2']","['v1', 'c2']","['v1', 'c2']",[],"[['co2', 'c1', 'c4', 'co1', 'c2', 'v1'], ['co3', 'c3']]","['f1', 'fo1', 'f2']","['f1', 'fo1', 'f2']","['f1', 'fo1', 'f2']",[],4,4,4,-1,1.1444091796875E-05,1.62124633789062E-05,3.40938568115234E-05,0.000104427337646
Sec1|Node3|Edge2,f1 -> f2,1,1,1,0,0,0,0,2,"[[1, 'co2'], [2, 'co2', 'co1'], [2, 'co3', 'co1'], [1, 'co3']]","['co3', 'c1']","['co3', 'c1']","['co3', 'c1']",[],"[['co2', 'c4'], ['co1', 'c3'], ['co3', 'c1', 'v1']]","['f1', 'f2']","['f1', 'f2']","['f1', 'f2']",[],2,2,2,-1,1.9073486328125E-05,1.62124633789062E-05,1.95503234863281E-05,0.0002281665802
Sec1|Node3|Edge3,f1 -> f2,1,1,1,1,1,1,1,1,"[[2, 'co1', 'v1'], [2, 'co3', 'co1']]","['co3', 'c4']","['co3', 'c4']","['co3', 'c4']","['co3', 'c4']","[['co1', 'c3'], ['v1', 'c4', 'co3']]","['f1', 'fo1', 'f2']","['f1', 'fo1', 'f2']","['f1', 'fo1', 'f2']","['f1', 'fo1', 'f2']",4,4,4,4,1.19209289550781E-05,1.54972076416016E-05,3.40938568115234E-05,0.000450849533081
Sec1|Node3|Edge4,f1 -> f2,1,1,1,0,0,0,0,2,"[[1, 'co3'], [1, 'co2']]","['co2', 'c4', 'v1']","['co2', 'c4', 'v1']","['co2', 'c4', 'v1']",[],"[['co3', 'c1'], ['co2', 'c4', 'v1', 'co1']]","['f1', 'fo1', 'f2']","['f1', 'fo1', 'f2']","['f1', 'fo1', 'f2']",[],4,4,4,-1,1.1444091796875E-05,1.59740447998047E-05,3.14712524414062E-05,6.36577606201172E-05
Sec1|Node3|Edge5,f1 -> f2,1,1,1,1,1,1,1,1,"[[2, 'v1', 'co1']]",[],[],[],[],"[['v1', 'c3', 'co3', 'co2', 'c4'], ['co1', 'c2']]","['f1', 'f2']","['f1', 'f2']","['f1', 'f2']","['f1', 'f2']",2,2,2,2,1.16825103759766E-05,1.54972076416016E-05,1.85966491699219E-05,0.000200510025024
Sec1|Node3|Edge6,f1 -> f2,1,1,1,1,1,1,1,1,"[[2, 'co3', 'co2'], [1, 'v1'], [2, 'co2', 'co1'], [2, 'co1', 'v1']]",[],[],[],[],"[['co3', 'c4'], ['co2', 'c1'], ['v1', 'c2'], ['co1', 'c3']]","['f1', 'f2']","['f1', 'f2']","['f1', 'f2']","['f1', 'f2']",2,2,2,2,1.31130218505859E-05,1.81198120117187E-05,2.38418579101562E-05,0.000474691390991
Sec1|Node3|Edge7,f1 -> f2,1,1,1,1,1,1,1,1,"[[1, 'co3'], [1, 'co1'], [1, 'co2']]",[],[],[],[],"[['co3', 'c1', 'v1'], ['co1', 'c3'], ['co2', 'c4']]","['f1', 'f2']","['f1', 'f2']","['f1', 'f2']","['f1', 'f2']",2,2,2,2,1.40666961669922E-05,1.81198120117187E-05,2.36034393310547E-05,8.03470611572266E-05
Sec1|Node3|Edge8,f1 -> f2,1,1,1,1,0,0,0,1,"[[2, 'co3', 'v1'], [2, 'v1', 'co1'], [1, 'co1']]","['co2', 'co3', 'c3']","['co2', 'co3', 'c3']","['co2', 'co3', 'c3']","['v1', 'c1', 'c2']","[['co3', 'c3', 'co1', 'co2'], ['v1', 'c1', 'c2']]","['f1', 'f2']","['f1', 'f2']","['f1', 'f2']","['f1', 'f4', 'f2']",2,2,2,4,1.23977661132813E-05,1.83582305908203E-05,2.26497650146484E-05,0.000609397888184
Sec1|Node8|Edge1,f1 -> f2,1,1,1,0,0,0,0,2,"[[2, 'v5', 'v1'], [1, 'v5'], [1, 'v2'], [1, 'v1'], [1, 'v3']]","['v2', 'c1']","['v2', 'c1']","['v2', 'c1']",[],"[['v5', 'c1', 'v1', 'v2', 'v3', 'v4']]","['f1', 'f2']","['f1', 'f2']","['f1', 'f2']",[],2,2,2,-1,1.1444091796875E-05,1.74045562744141E-05,2.6702880859375E-05,0.000210523605347
Sec1|Node8|Edge2,f1 -> f2,1,1,1,1,1,1,1,1,"[[1, 'v4']]",[],[],[],[],"[['v4', 'c1', 'v1', 'v2', 'v3', 'v5']]","['f1', 'f2']","['f1', 'f2']","['f1', 'f2']","['f1', 'f2']",2,2,2,2,1.16825103759766E-05,1.74045562744141E-05,2.78949737548828E-05,7.00950622558594E-05
Sec1|Node8|Edge3,f1 -> f2,1,1,1,1,1,1,1,1,"[[1, 'v1']]",[],[],[],[],"[['v1', 'c1', 'v5', 'v3', 'v2', 'v4']]","['f1', 'f2']","['f1', 'f2']","['f1', 'f2']","['f1', 'f2']",2,2,2,2,1.26361846923828E-05,1.78813934326172E-05,1.95503234863281E-05,6.36577606201172E-05
Sec1|Node8|Edge4,f1 -> f2,1,1,1,0,0,0,0,2,"[[1, 'v4']]","['v4', 'c1', 'v3', 'v5']","['v4', 'c1', 'v3', 'v5']","['v4', 'c1', 'v3', 'v5']",[],"[['v4', 'c1', 'v3', 'v5', 'v1', 'v2']]","['f1', 'f2']","['f1', 'f2']","['f1', 'f2']",[],2,2,2,-1,1.19209289550781E-05,1.69277191162109E-05,2.26497650146484E-05,6.50882720947266E-05
Sec1|Node8|Edge5,f1 -> f2,1,1,1,1,0,0,0,1,"[[1, 'v4'], [2, 'v5', 'v3'], [2, 'v3', 'v2'], [1, 'v1'], [2, 'v3', 'v4']]","['v4', 'c1', 'v3', 'v5']","['v4', 'c1', 'v3', 'v5']","['v4', 'c1', 'v3', 'v5']",[],"[['v4', 'c1', 'v3', 'v5', 'v1', 'v2']]","['f1', 'fo1', 'f2']","['f1', 'fo1', 'f2']","['f1', 'fo1', 'f2']","['f1', 'f3', 'f2']",4,4,4,4,1.95503234863281E-05,1.85966491699219E-05,4.52995300292969E-05,0.000232934951782
Sec1|Node8|Edge6,f1 -> f2,1,1,1,1,0,0,0,1,"[[2, 'v4', 'v3']]","['v2', 'v5', 'c1', 'v1']","['v2', 'v5', 'c1', 'v1']","['v2', 'v5', 'c1', 'v1']",[],"[['v4', 'c1', 'v3', 'v1', 'v2', 'v5']]","['f1', 'f2']","['f1', 'f2']","['f1', 'f2']","['f1', 'fo1', 'f2']",2,2,2,4,1.28746032714844E-05,1.83582305908203E-05,2.71797180175781E-05,0.00011944770813
Sec1|Node8|Edge7,f1 -> f2,1,1,1,1,1,1,1,1,"[[2, 'v5', 'v2']]",[],[],[],[],"[['v5', 'c1', 'v1', 'v2', 'v3', 'v4']]","['f1', 'fo2', 'f2']","['f1', 'fo2', 'f2']","['f1', 'fo2', 'f2']","['f1', 'fo2', 'f2']",4,4,4,4,1.19209289550781E-05,1.62124633789062E-05,3.21865081787109E-05,0.000102519989014
Sec1|Node8|Edge8,f1 -> f2,1,1,1,1,0,0,0,1,"[[2, 'v4', 'v2'], [1, 'v5'], [2, 'v3', 'v5'], [2, 'v3', 'v1']]","['v5', 'c1']","['v5', 'c1']","['v5', 'c1']",[],"[['v4', 'c1', 'v1', 'v2', 'v3', 'v5']]","['f1', 'f2']","['f1', 'f2']","['f1', 'f2']","['f1', 'f3', 'f2']",2,2,2,4,1.38282775878906E-05,2.19345092773437E-05,2.52723693847656E-05,0.00023365020752
Sec1|Node16|Edge1,f1 -> f2,1,1,1,1,1,1,1,1,"[[2, 'v1', 'co1'], [1, 'v2'], [2, 'v1', 'v3'], [1, 'v3']]",[],[],[],[],"[['v1', 'c1', 'v2', 'v3', 'co1']]","['f1', 'f2']","['f1', 'f2']","['f1', 'f2']","['f1', 'f2']",2,2,2,2,1.35898590087891E-05,1.97887420654297E-05,2.43186950683594E-05,0.000146389007568
Sec1|Node16|Edge2,f1 -> f2,1,1,1,0,0,0,0,2,"[[2, 'v1', 'co1'], [1, 'v3']]","['v3', 'c1', 'co1']","['v3', 'c1', 'co1']","['v3', 'c1', 'co1']",[],"[['v1', 'c1', 'v2', 'v3', 'co1']]","['f1', 'f4', 'f2']","['f1', 'f4', 'f2']","['f1', 'f4', 'f2']",[],4,4,4,-1,1.40666961669922E-05,2.02655792236328E-05,3.17096710205078E-05,0.000101566314697
Sec1|Node16|Edge3,f1 -> f2,1,1,1,0,0,0,0,2,"[[1, 'v3']]","['v1', 'v2', 'c1', 'co1']","['v1', 'v2', 'c1', 'co1']","['v1', 'v2', 'c1', 'co1']",[],"[['v3', 'c1', 'v1', 'v2', 'co1']]","['f1', 'fo1', 'f2']","['f1', 'fo1', 'f2']","['f1', 'fo1', 'f2']",[],4,4,4,-1,1.35898590087891E-05,1.83582305908203E-05,4.00543212890625E-05,6.38961791992187E-05
Sec1|Node16|Edge4,f1 -> f2,1,1,1,1,1,1,1,1,"[[1, 'v1']]",[],[],[],[],"[['v1', 'c1', 'v2', 'v3', 'co1']]","['f1', 'fo1', 'f2']","['f1', 'fo1', 'f2']","['f1', 'fo1', 'f2']","['f1', 'fo1', 'f2']",4,4,4,4,1.35898590087891E-05,1.71661376953125E-05,3.09944152832031E-05,7.12871551513672E-05
Sec1|Node16|Edge5,f1 -> f2,1,1,1,0,0,0,0,2,"[[2, 'v2', 'co1'], [2, 'v1', 'v3'], [1, 'v2']]","['v1', 'v3', 'co1', 'v2', 'c1']","['v1', 'v3', 'co1', 'v2', 'c1']","['v1', 'v3', 'co1', 'v2', 'c1']",[],"[['v2', 'c1', 'co1', 'v1', 'v3']]","['f1', 'f3', 'fo1', 'f6', 'f2']","['f1', 'f3', 'fo1', 'f6', 'f2']","['f1', 'f3', 'fo1', 'f6', 'f2']",[],8,8,8,-1,1.31130218505859E-05,1.81198120117187E-05,4.69684600830078E-05,0.000136375427246
Sec1|Node16|Edge6,f1 -> f2,1,1,1,1,0,0,0,1,"[[2, 'v2', 'co1'], [1, 'v2'], [1, 'v3'], [2, 'v1', 'v3']]","['co1', 'c1', 'v1']","['co1', 'c1', 'v1']","['co1', 'c1', 'v1']",[],"[['v2', 'c1', 'v1', 'v3', 'co1']]","['f1', 'f4', 'fo1', 'f2']","['f1', 'f4', 'fo1', 'f2']","['f1', 'f4', 'fo1', 'f2']","['f1', 'f3', 'f4', 'fo1', 'f2']",6,6,6,8,1.38282775878906E-05,1.88350677490234E-05,4.69684600830078E-05,0.000162363052368
Sec1|Node16|Edge7,f1 -> f2,1,1,1,0,0,0,0,2,"[[2, 'co1', 'v1'], [2, 'v2', 'co1'], [1, 'v2']]","['co1', 'v1', 'c1']","['co1', 'v1', 'c1']","['co1', 'v1', 'c1']",[],"[['co1', 'c1', 'v1', 'v2', 'v3']]","['f1', 'fo1', 'f2']","['f1', 'fo1', 'f2']","['f1', 'fo1', 'f2']",[],4,4,4,-1,1.33514404296875E-05,1.88350677490234E-05,3.48091125488281E-05,0.000116348266602
Sec1|Node16|Edge8,f1 -> f2,1,1,1,1,1,1,1,1,"[[1, 'co1'], [2, 'v2', 'co1']]",[],[],[],[],"[['co1', 'c1', 'v1', 'v2', 'v3']]","['f1', 'f2']","['f1', 'f2']","['f1', 'f2']","['f1', 'f2']",2,2,2,2,1.33514404296875E-05,1.85966491699219E-05,2.26497650146484E-05,0.00010085105896
Sec1|Node5|Edge1,f1 -> f2,1,1,1,1,1,1,1,1,"[[2, 'v1', 'v2']]",[],[],[],[],"[['v1', 'c1', 'v2', 'v3']]","['f1', 'f2']","['f1', 'f2']","['f1', 'f2']","['f1', 'f2']",2,2,2,2,1.23977661132813E-05,1.64508819580078E-05,2.52723693847656E-05,7.29560852050781E-05
Sec1|Node5|Edge2,f1 -> f2,1,1,1,1,0,0,0,1,"[[2, 'v3', 'v2'], [1, 'v2'], [1, 'v1']]","['v1', 'v2', 'c1']","['v1', 'v2', 'c1']","['v1', 'v2', 'c1']",[],"[['v3', 'c1', 'v1', 'v2']]","['f1', 'f2']","['f1', 'f2']","['f1', 'f2']","['f1', 'fo1', 'f2']",2,2,2,4,1.04904174804688E-05,1.52587890625E-05,2.26497650146484E-05,9.82284545898438E-05
Sec1|Node5|Edge3,f1 -> f2,1,1,1,0,0,0,0,2,"[[1, 'v3'], [1, 'v1'], [2, 'v1', 'v3']]","['v1', 'v2', 'c1', 'v3']","['v1', 'v2', 'c1', 'v3']","['v1', 'v2', 'c1', 'v3']",[],"[['v3', 'c1', 'v2', 'v1']]","['f1', 'fo2', 'f2']","['f1', 'fo2', 'f2']","['f1', 'fo2', 'f2']",[],4,4,4,-1,1.09672546386719E-05,1.45435333251953E-05,3.09944152832031E-05,9.48905944824219E-05
Sec1|Node5|Edge4,f1 -> f2,1,1,1,0,0,0,0,2,"[[1, 'v2'], [2, 'v3', 'v2'], [1, 'v1']]","['v2', 'v3', 'c1']","['v2', 'v3', 'c1']","['v2', 'v3', 'c1']",[],"[['v2', 'c1', 'v1', 'v3']]","['f1', 'f2']","['f1', 'f2']","['f1', 'f2']",[],2,2,2,-1,1.16825103759766E-05,1.47819519042969E-05,1.93119049072266E-05,8.15391540527344E-05
Sec1|Node5|Edge5,f1 -> f2,1,1,1,1,1,1,1,1,"[[1, 'v1'], [2, 'v2', 'v1'], [1, 'v2']]",[],[],[],[],"[['v1', 'c1', 'v3', 'v2']]","['f1', 'fo2', 'f2']","['f1', 'fo2', 'f2']","['f1', 'fo2', 'f2']","['f1', 'fo2', 'f2']",4,4,4,4,1.21593475341797E-05,1.47819519042969E-05,2.88486480712891E-05,9.98973846435547E-05
Sec1|Node5|Edge6,f1 -> f2,1,1,1,0,0,0,0,2,"[[1, 'v2']]","['v3', 'c1']","['v3', 'c1']","['v3', 'c1']",[],"[['v2', 'c1', 'v1', 'v3']]","['f1', 'f2']","['f1', 'f2']","['f1', 'f2']",[],2,2,2,-1,1.21593475341797E-05,1.50203704833984E-05,2.00271606445312E-05,4.76837158203125E-05
Sec1|Node5|Edge7,f1 -> f2,1,1,1,0,0,0,0,2,"[[2, 'v1', 'v3']]","['v2', 'c1', 'v1']","['v2', 'c1', 'v1']","['v2', 'c1', 'v1']",[],"[['v1', 'c1', 'v2', 'v3']]","['f1', 'f2']","['f1', 'f2']","['f1', 'f2']",[],2,2,2,-1,2.288818359375E-05,2.33650207519531E-05,3.76701354980469E-05,0.00010085105896
Sec1|Node5|Edge8,f1 -> f2,1,1,1,1,1,1,1,1,"[[2, 'v1', 'v2'], [1, 'v1'], [2, 'v2', 'v3']]",[],[],[],[],"[['v1', 'c1', 'v2', 'v3']]","['f1', 'f2']","['f1', 'f2']","['f1', 'f2']","['f1', 'f2']",2,2,2,2,1.1444091796875E-05,1.54972076416016E-05,2.33650207519531E-05,0.000109910964966
Sec1|Node19|Edge1,f1 -> f2,1,1,1,0,0,0,0,2,"[[2, 'v2', 'v1']]","['v3', 'c1']","['v3', 'c1']","['v3', 'c1']",[],"[['v2', 'c1', 'v1', 'v3']]","['f1', 'fo1', 'f2']","['f1', 'fo1', 'f2']","['f1', 'fo1', 'f2']",[],4,4,4,-1,1.54972076416016E-05,1.83582305908203E-05,3.814697265625E-05,7.39097595214844E-05
Sec1|Node19|Edge2,f1 -> f2,1,1,1,0,0,0,0,2,"[[1, 'v1']]","['v2', 'c1', 'c2', 'v3']","['v2', 'c1', 'c2', 'v3']","['v2', 'c1', 'c2', 'v3']",[],"[['v1', 'c2', 'v2', 'v3', 'c1']]","['f1', 'f6', 'f3', 'f2']","['f1', 'f6', 'f3', 'f2']","['f1', 'f6', 'f3', 'f2']",[],6,6,6,-1,1.45435333251953E-05,1.88350677490234E-05,4.1961669921875E-05,9.36985015869141E-05
Sec1|Node19|Edge3,f1 -> f2,1,1,1,0,0,0,0,2,"[[2, 'v2', 'v1'], [1, 'v1'], [1, 'v3']]","['v2', 'c1', 'c2']","['v2', 'c1', 'c2']","['v1', 'v3', 'v2', 'c1', 'c2']",[],"[['v2', 'c1', 'c2', 'v1', 'v3']]","['f1', 'fo2', 'fo1', 'f2']","['f1', 'fo2', 'fo1', 'f2']","['f1', 'f3', 'fo1', 'f2']",[],6,6,6,-1,1.57356262207031E-05,2.00271606445312E-05,4.55379486083984E-05,0.000144481658936
Sec1|Node19|Edge4,f1 -> f2,1,1,1,0,0,0,0,2,"[[1, 'v3'], [2, 'v3', 'v1'], [2, 'v3', 'v2']]","['v2', 'c1']","['v2', 'c1']","['v2', 'c1']",[],"[['v3', 'c1', 'v1', 'v2']]","['f1', 'f6', 'f2']","['f1', 'f6', 'f2']","['f1', 'f6', 'f2']",[],4,4,4,-1,1.40666961669922E-05,1.97887420654297E-05,3.02791595458984E-05,0.000126600265503
Sec1|Node19|Edge5,f1 -> f2,1,1,1,0,0,0,0,2,"[[1, 'v3'], [2, 'v2', 'v1']]","['v1', 'v3', 'c1', 'c2', 'v2']","['v1', 'v3', 'c1', 'c2', 'v2']","['v1', 'v3', 'c1', 'c2', 'v2']",[],"[['v3', 'c1', 'v1', 'v2', 'c2']]","['f1', 'f5', 'fo2', 'f2']","['f1', 'f5', 'fo2', 'f2']","['f1', 'f5', 'fo2', 'f2']",[],6,6,6,-1,1.40666961669922E-05,1.95503234863281E-05,4.02927398681641E-05,9.58442687988281E-05
Sec1|Node19|Edge6,f1 -> f2,1,1,1,1,1,1,1,1,"[[1, 'v2']]",[],[],[],[],"[['v2', 'c1', 'v3']]","['f1', 'f5', 'f4', 'f2']","['f1', 'f5', 'f4', 'f2']","['f1', 'f5', 'f4', 'f2']","['f1', 'f5', 'f4', 'f2']",6,6,6,6,1.40666961669922E-05,2.02655792236328E-05,5.05447387695313E-05,8.72611999511719E-05
Sec1|Node19|Edge7,f1 -> f2,1,1,1,1,1,1,1,1,"[[2, 'v3', 'v1'], [1, 'v2']]",[],[],[],[],"[['v3', 'c2', 'v1', 'v2', 'c1']]","['f1', 'f2']","['f1', 'f2']","['f1', 'f2']","['f1', 'f2']",2,2,2,2,1.35898590087891E-05,2.05039978027344E-05,3.0517578125E-05,0.000114679336548
Sec1|Node19|Edge8,f1 -> f2,1,1,1,1,1,1,1,1,"[[1, 'v3'], [1, 'v1'], [1, 'v2']]",[],[],[],[],"[['v3', 'c2'], ['v1', 'c1', 'v2']]","['f1', 'f2']","['f1', 'f2']","['f1', 'f2']","['f1', 'f2']",2,2,2,2,1.47819519042969E-05,2.07424163818359E-05,2.47955322265625E-05,8.10623168945313E-05
Sec1|Node7|Edge1,f1 -> f2,1,1,1,0,0,0,0,2,"[[1, 'v2']]","['v1', 'v2', 'c2']","['v1', 'v2', 'c2']","['v1', 'v2', 'c2']",[],"[['v2', 'c2', 'v1', 'v3', 'co1', 'c1']]","['f1', 'f2']","['f1', 'f2']","['f1', 'f2']",[],2,2,2,-1,9.5367431640625E-06,1.31130218505859E-05,1.93119049072266E-05,7.62939453125E-05
Sec1|Node7|Edge2,f1 -> f2,1,1,1,0,0,0,0,2,"[[1, 'v2'], [1, 'co1'], [1, 'v1']]","['v1', 'v2', 'co1', 'c1', 'c2']","['v1', 'v2', 'co1', 'c1', 'c2']","['v1', 'v2', 'co1', 'c1', 'c2']",[],"[['v2', 'c2', 'co1', 'v1', 'c1', 'v3']]","['f1', 'f2']","['f1', 'f2']","['f1', 'f2']",[],2,2,2,-1,1.07288360595703E-05,1.31130218505859E-05,2.21729278564453E-05,0.000108003616333
Sec1|Node7|Edge3,f1 -> f2,1,1,1,0,0,0,0,2,"[[1, 'co1']]","['v3', 'c2', 'v1', 'co1']","['v3', 'c2', 'v1', 'co1']","['v3', 'c2', 'v1', 'co1']",[],"[['co1', 'c1', 'c2', 'v1', 'v2', 'v3']]","['f1', 'f2']","['f1', 'f2']","['f1', 'f2']",[],2,2,2,-1,9.77516174316406E-06,1.33514404296875E-05,1.95503234863281E-05,7.46250152587891E-05
Sec1|Node7|Edge4,f1 -> f2,1,1,1,1,1,1,1,1,"[[2, 'v3', 'co1'], [1, 'co1']]",[],[],[],[],"[['v3', 'c2', 'v2', 'co1', 'v1', 'c1']]","['f1', 'f2']","['f1', 'f2']","['f1', 'f2']","['f1', 'f2']",2,2,2,2,1.04904174804688E-05,1.33514404296875E-05,1.93119049072266E-05,0.000113248825073
Sec1|Node7|Edge5,f1 -> f2,1,1,1,0,0,0,0,2,"[[1, 'v3'], [1, 'v1'], [2, 'v3', 'v2'], [2, 'co1', 'v2']]","['v1', 'c1', 'c2', 'v2', 'v3', 'co1']","['v1', 'c1', 'c2', 'v2', 'v3', 'co1']","['v1', 'c1', 'c2', 'v2', 'v3', 'co1']",[],"[['v3', 'c1', 'v1', 'v2', 'co1', 'c2']]","['f1', 'f2']","['f1', 'f2']","['f1', 'f2']",[],2,2,2,-1,1.00135803222656E-05,1.33514404296875E-05,1.9073486328125E-05,0.000178813934326
Sec1|Node7|Edge6,f1 -> f2,1,1,1,0,0,0,0,2,"[[1, 'v2'], [2, 'co1', 'v1']]","['v1', 'v2', 'c1', 'c2']","['v1', 'v2', 'c1', 'c2']","['v1', 'v2', 'c1', 'c2']",[],"[['v2', 'c1', 'v3', 'co1', 'c2', 'v1']]","['f1', 'f2']","['f1', 'f2']","['f1', 'f2']",[],2,2,2,-1,1.02519989013672E-05,1.33514404296875E-05,1.9073486328125E-05,9.79900360107422E-05
Sec1|Node7|Edge7,f1 -> f2,1,1,1,0,0,0,0,2,"[[1, 'v2']]","['co1', 'c1', 'c2', 'v1', 'v3']","['co1', 'c1', 'c2', 'v1', 'v3']","['co1', 'c1', 'c2', 'v1', 'v3']",[],"[['v2', 'c1', 'c2', 'co1', 'v1', 'v3']]","['f1', 'f2']","['f1', 'f2']","['f1', 'f2']",[],2,2,2,-1,9.5367431640625E-06,1.28746032714844E-05,1.93119049072266E-05,5.62667846679688E-05
Sec1|Node7|Edge8,f1 -> f2,1,1,1,0,0,0,0,2,"[[1, 'v3'], [2, 'v1', 'co1'], [2, 'v3', 'v2'], [1, 'v2']]","['v1', 'c1', 'v2', 'v3', 'co1']","['v1', 'c1', 'v2', 'v3', 'co1']","['v1', 'c1', 'v2', 'v3', 'co1']",[],"[['v3', 'c1', 'c2', 'v1', 'v2', 'co1']]","['f1', 'f2']","['f1', 'f2']","['f1', 'f2']",[],2,2,2,-1,9.5367431640625E-06,1.38282775878906E-05,1.93119049072266E-05,0.000201225280762
Sec1|Node4|Edge1,f1 -> f2,1,1,1,0,0,0,0,2,"[[2, 'co1', 'v2']]","['v2', 'v1', 'c1', 'co1']","['v2', 'v1', 'c1', 'co1']","['v2', 'v1', 'c1', 'co1']",[],"[['co1', 'c1', 'v1', 'v2']]","['f1', 'fo2', 'f2']","['f1', 'fo2', 'f2']","['f1', 'fo2', 'f2']",[],4,4,4,-1,1.09672546386719E-05,1.50203704833984E-05,3.21865081787109E-05,6.34193420410156E-05
Sec1|Node4|Edge2,f1 -> f2,1,1,1,0,0,0,0,2,"[[1, 'v1'], [1, 'v2'], [2, 'v2', 'co1']]","['v2', 'co1', 'c1', 'v1']","['v2', 'co1', 'c1', 'v1']","['v2', 'co1', 'c1', 'v1']",[],"[['v1', 'c1', 'co1', 'v2']]","['f1', 'fo2', 'f2']","['f1', 'fo2', 'f2']","['f1', 'fo2', 'f2']",[],4,4,4,-1,1.19209289550781E-05,1.43051147460938E-05,2.81333923339844E-05,8.79764556884766E-05
Sec1|Node4|Edge3,f1 -> f2,1,1,1,1,0,0,0,1,"[[2, 'co1', 'v2']]","['co1', 'c1', 'v1']","['co1', 'c1', 'v1']","['co1', 'c1', 'v1']",[],"[['co1', 'c1', 'v1', 'v2']]","['f1', 'f2']","['f1', 'f2']","['f1', 'f2']","['f1', 'fo1', 'f2']",2,2,2,4,1.04904174804688E-05,1.57356262207031E-05,2.31266021728516E-05,8.13007354736328E-05
Sec1|Node4|Edge4,f1 -> f2,1,1,1,0,0,0,0,2,"[[1, 'v1'], [1, 'co1']]","['v1', 'co1', 'c1']","['v1', 'co1', 'c1']","['v1', 'co1', 'c1']",[],"[['v1', 'c1', 'v2', 'co1']]","['f1', 'fo1', 'f2']","['f1', 'fo1', 'f2']","['f1', 'fo1', 'f2']",[],4,4,4,-1,1.19209289550781E-05,1.47819519042969E-05,2.86102294921875E-05,6.07967376708984E-05
Sec1|Node4|Edge5,f1 -> f2,1,1,1,1,0,0,0,1,"[[1, 'v2'], [1, 'v1'], [1, 'co1']]","['co1', 'c1']","['co1', 'c1']","['co1', 'c1']",[],"[['v2', 'c1', 'v1', 'co1']]","['f1', 'f2']","['f1', 'f2']","['f1', 'f2']","['f1', 'fo1', 'f2']",2,2,2,4,1.16825103759766E-05,1.64508819580078E-05,2.40802764892578E-05,9.44137573242188E-05
Sec1|Node4|Edge6,f1 -> f2,1,1,1,1,1,1,1,1,"[[2, 'v2', 'v1']]",[],[],[],[],"[['v2', 'c1', 'co1', 'v1']]","['f1', 'f2']","['f1', 'f2']","['f1', 'f2']","['f1', 'f2']",2,2,2,2,1.21593475341797E-05,1.71661376953125E-05,2.59876251220703E-05,7.22408294677734E-05
Sec1|Node4|Edge7,f1 -> f2,1,1,1,1,1,1,1,1,"[[2, 'v1', 'v2']]",[],[],[],[],"[['v1', 'c1', 'co1', 'v2']]","['f1', 'f2']","['f1', 'f2']","['f1', 'f2']","['f1', 'f2']",2,2,2,2,1.09672546386719E-05,1.43051147460938E-05,2.31266021728516E-05,7.12871551513672E-05
Sec1|Node4|Edge8,f1 -> f2,1,1,1,1,1,1,1,1,"[[1, 'v2'], [2, 'v1', 'v2']]",[],[],[],[],"[['v2', 'c1', 'v1', 'co1']]","['f1', 'fo2', 'f2']","['f1', 'fo2', 'f2']","['f1', 'fo2', 'f2']","['f1', 'fo2', 'f2']",4,4,4,4,1.62124633789062E-05,2.07424163818359E-05,4.81605529785156E-05,0.000126600265503
Sec1|Node23|Edge1,f1 -> f2,1,1,1,0,0,0,0,2,"[[1, 'v1']]","['v1', 'c2', 'co2']","['v1', 'c2', 'co2']","['v1', 'c2', 'co2']",[],"[['v1', 'c2', 'co2', 'co3', 'co1', 'c1']]","['f1', 'f2']","['f1', 'f2']","['f1', 'f2']",[],2,2,2,-1,1.50203704833984E-05,1.35898590087891E-05,2.62260437011719E-05,6.29425048828125E-05
Sec1|Node23|Edge2,f1 -> f2,1,1,1,1,1,1,1,1,"[[1, 'co2'], [1, 'v1']]",[],[],[],[],"[['co2', 'c1', 'c2', 'v1', 'co1', 'co3']]","['f1', 'f2']","['f1', 'f2']","['f1', 'f2']","['f1', 'f2']",2,2,2,2,9.5367431640625E-06,1.33514404296875E-05,1.93119049072266E-05,9.63211059570313E-05
Sec1|Node23|Edge3,f1 -> f2,1,1,1,0,0,0,0,2,"[[1, 'co1']]","['co1', 'co3', 'c1', 'c2', 'v1']","['co1', 'co3', 'c1', 'c2', 'v1']","['co1', 'co3', 'c1', 'c2', 'v1']",[],"[['co1', 'c2', 'v1', 'co2', 'co3', 'c1']]","['f1', 'f2']","['f1', 'f2']","['f1', 'f2']",[],2,2,2,-1,1.38282775878906E-05,1.35898590087891E-05,2.47955322265625E-05,6.24656677246094E-05
Sec1|Node23|Edge4,f1 -> f2,1,1,1,0,0,0,0,2,"[[2, 'v1', 'co3'], [1, 'co3'], [1, 'v1']]","['v1', 'c1', 'c2', 'co1']","['v1', 'c1', 'c2', 'co1']","['v1', 'c1', 'c2', 'co1']",[],"[['v1', 'c1', 'c2', 'co1', 'co2', 'co3']]","['f1', 'f2']","['f1', 'f2']","['f1', 'f2']",[],2,2,2,-1,1.09672546386719E-05,1.31130218505859E-05,2.59876251220703E-05,0.000130653381348
Sec1|Node23|Edge5,f1 -> f2,1,1,1,0,0,0,0,2,"[[1, 'co3'], [1, 'co2'], [2, 'co3', 'v1']]","['co2', 'c1', 'c2', 'v1', 'co3']","['co2', 'c1', 'c2', 'v1', 'co3']","['co2', 'c1', 'c2', 'v1', 'co3']",[],"[['co3', 'c1', 'c2', 'v1', 'co2', 'co1']]","['f1', 'f2']","['f1', 'f2']","['f1', 'f2']",[],2,2,2,-1,2.71797180175781E-05,1.33514404296875E-05,1.93119049072266E-05,0.000146865844727
Sec1|Node23|Edge6,f1 -> f2,1,1,1,0,0,0,0,2,"[[1, 'co1'], [2, 'co1', 'co3'], [1, 'v1']]","['co2', 'c2', 'v1']","['co2', 'c2', 'v1']","['co2', 'c2', 'v1']",[],"[['co1', 'c2', 'v1', 'co2', 'c1', 'co3']]","['f1', 'f2']","['f1', 'f2']","['f1', 'f2']",[],2,2,2,-1,1.04904174804688E-05,1.28746032714844E-05,1.88350677490234E-05,0.000134944915771
Sec1|Node23|Edge7,f1 -> f2,1,1,1,0,0,0,0,2,"[[1, 'co2'], [1, 'v1'], [2, 'co1', 'co2']]","['v1', 'c2']","['v1', 'c2']","['v1', 'c2']",[],"[['co2', 'c1', 'co1', 'co3'], ['v1', 'c2']]","['f1', 'f2']","['f1', 'f2']","['f1', 'f2']",[],2,2,2,-1,1.12056732177734E-05,1.28746032714844E-05,2.00271606445312E-05,8.44001770019531E-05
Sec1|Node23|Edge8,f1 -> f2,1,1,1,0,0,0,0,2,"[[1, 'co2'], [1, 'v1'], [1, 'co1']]","['v1', 'co2', 'c1', 'c2']","['v1', 'co2', 'c1', 'c2']","['v1', 'co2', 'c1', 'c2']",[],"[['co2', 'c2', 'v1', 'c1', 'co1', 'co3']]","['f1', 'f2']","['f1', 'f2']","['f1', 'f2']",[],2,2,2,-1,1.47819519042969E-05,1.62124633789062E-05,2.88486480712891E-05,0.000111818313599
Sec1|Node13|Edge1,f1 -> f2,1,1,1,1,1,1,1,1,"[[1, 'v4'], [1, 'co1'], [1, 'v2'], [2, 'co1', 'v1'], [1, 'v1']]",[],[],[],[],"[['v4', 'c1', 'v1', 'co1', 'c2', 'c3', 'v3', 'v5', 'v2']]","['f1', 'f2']","['f1', 'f2']","['f1', 'f2']","['f1', 'f2']",2,2,2,2,1.23977661132813E-05,1.47819519042969E-05,2.05039978027344E-05,0.00026535987854
Sec1|Node13|Edge2,f1 -> f2,1,1,1,0,0,0,0,2,"[[2, 'v1', 'v2'], [2, 'v4', 'v1'], [1, 'v3'], [2, 'co1', 'v3'], [1, 'co1']]","['v3', 'c3']","['v3', 'c3']","['v3', 'c3']",[],"[['v1', 'c1', 'v4', 'v5'], ['v2', 'c2', 'co1'], ['v3', 'c3']]","['f1', 'f2']","['f1', 'f2']","['f1', 'f2']",[],2,2,2,-1,1.19209289550781E-05,1.43051147460938E-05,2.14576721191406E-05,0.000377655029297
Sec1|Node13|Edge3,f1 -> f2,1,1,1,0,0,0,0,2,"[[2, 'v2', 'v5']]","['v3', 'v4', 'co1', 'c1', 'c2', 'c3']","['v3', 'v4', 'co1', 'c1', 'c2', 'c3']","['v3', 'v4', 'co1', 'c1', 'c2', 'c3']",[],"[['v2', 'c1', 'c2', 'v1', 'v5', 'co1', 'v3']]","['f1', 'f2']","['f1', 'f2']","['f1', 'f2']",[],2,2,2,-1,1.1444091796875E-05,1.57356262207031E-05,2.33650207519531E-05,0.000109910964966
Sec1|Node13|Edge4,f1 -> f2,1,1,1,0,0,0,0,2,"[[1, 'v1'], [1, 'v4'], [1, 'v2']]","['v1', 'v3', 'v4', 'c1', 'c3']","['v1', 'v3', 'v4', 'c1', 'c3']","['v1', 'v3', 'v4', 'c1', 'c3']",[],"[['v1', 'c1', 'c3', 'v2', 'v3', 'v4', 'co1', 'c2', 'v5']]","['f1', 'f2']","['f1', 'f2']","['f1', 'f2']",[],2,2,2,-1,1.1444091796875E-05,1.45435333251953E-05,1.97887420654297E-05,0.000163078308105
Sec1|Node13|Edge5,f1 -> f2,1,1,1,0,0,0,0,2,"[[1, 'v4'], [1, 'v1'], [2, 'v3', 'v2'], [2, 'v4', 'v1']]","['v1', 'c1']","['v1', 'c1']","['v1', 'c1']",[],"[['v4', 'c3', 'co1', 'v3', 'c1', 'c2', 'v5', 'v1', 'v2']]","['f1', 'f2']","['f1', 'f2']","['f1', 'f2']",[],2,2,2,-1,1.38282775878906E-05,1.52587890625E-05,3.71932983398437E-05,0.000272512435913
Sec1|Node13|Edge6,f1 -> f2,1,1,1,0,0,0,0,2,"[[2, 'v3', 'v1'], [1, 'v5']]","['v4', 'v5', 'v1', 'c1', 'c2', 'c3', 'co1']","['v4', 'v5', 'v1', 'c1', 'c2', 'c3', 'co1']","['v4', 'v5', 'v1', 'c1', 'c2', 'c3', 'co1']",[],"[['v3', 'c3', 'v1', 'co1', 'c2', 'c1', 'v4', 'v2', 'v5']]","['f1', 'f3', 'f2']","['f1', 'f3', 'f2']","['f1', 'f3', 'f2']",[],4,4,4,-1,1.19209289550781E-05,1.45435333251953E-05,3.33786010742187E-05,0.000171184539795
Sec1|Node13|Edge7,f1 -> f2,1,1,1,1,0,0,1,1,"[[1, 'v5'], [1, 'v3'], [1, 'v2'], [2, 'v2', 'v3']]","['v1', 'v5', 'v2', 'v3', 'v4', 'c2', 'c3']","['v1', 'v5', 'v2', 'v3', 'v4', 'c2', 'c3']","['co1', 'c1']","['co1', 'c1']","[['v5', 'c2', 'v1', 'v3', 'v4'], ['v2', 'c3']]","['f1', 'fo1', 'f2']","['f1', 'fo1', 'f2']","['f1', 'f3', 'f2']","['f1', 'f3', 'f2']",4,4,4,4,1.07288360595703E-05,1.52587890625E-05,3.14712524414062E-05,0.000284194946289
Sec1|Node13|Edge8,f1 -> f2,1,1,1,0,0,0,0,23,"[[2, 'co1', 'v2'], [2, 'v3', 'v1'], [2, 'v1', 'v5'], [1, 'v3'], [2, 'v4', 'v1'], [1, 'v5']]","['co1', 'v1', 'c1', 'c2', 'c3']","['co1', 'v1', 'c1', 'c2', 'c3']","['v4', 'v2', 'v3', 'v5', 'c1', 'c2', 'c3']",[],"[['co1', 'c1', 'c2', 'v5', 'v4'], ['v2', 'c3', 'v1', 'v3']]","['f1', 'fo1', 'f2']","['f1', 'fo1', 'f2']","['f1', 'f3', 'f2']",[],4,4,4,-1,1.1444091796875E-05,1.40666961669922E-05,2.93254852294922E-05,0.000943183898926
Sec1|Node1|Edge1,f1 -> f2,1,1,1,1,1,1,0,1,"[[1, 'v1'], [2, 'v1', 'v2']]",[],[],"['v1', 'c1']",[],"[['v1', 'c1', 'v2']]","['f1', 'f4', 'f2']","['f1', 'f4', 'f2']","['f1', 'fo1', 'f2']","['f1', 'f4', 'f2']",4,4,4,4,1.38282775878906E-05,2.26497650146484E-05,4.45842742919922E-05,0.000104188919067
Sec1|Node1|Edge2,f1 -> f2,1,1,1,1,1,1,1,1,"[[2, 'v1', 'v2']]",[],[],[],[],"[['v1', 'c1', 'v2']]","['f1', 'f5', 'f2']","['f1', 'f5', 'f2']","['f1', 'f5', 'f2']","['f1', 'f5', 'f2']",4,4,4,4,1.43051147460938E-05,2.19345092773437E-05,4.55379486083984E-05,9.79900360107422E-05
Sec1|Node1|Edge3,f1 -> f2,1,1,1,1,0,0,0,1,"[[1, 'v2']]","['v1', 'c1']","['v1', 'c1']","['v1', 'c1']",[],"[['v2', 'c1', 'v1']]","['f1', 'fo1', 'f2']","['f1', 'fo1', 'f2']","['f1', 'fo1', 'f2']","['f1', 'fo1', 'f4', 'f2']",4,4,4,6,1.62124633789062E-05,2.43186950683594E-05,3.33786010742187E-05,9.44137573242188E-05
Sec1|Node1|Edge4,f1 -> f2,1,1,1,1,0,0,0,1,"[[2, 'v2', 'v1']]","['v2', 'c1']","['v2', 'c1']","['v2', 'c1']",[],"[['v2', 'c1', 'v1']]","['f1', 'fo1', 'f2']","['f1', 'fo1', 'f2']","['f1', 'fo1', 'f2']","['f1', 'fo2', 'fo1', 'f2']",4,4,4,6,1.33514404296875E-05,2.00271606445312E-05,4.33921813964844E-05,9.36985015869141E-05
Sec1|Node1|Edge5,f1 -> f2,1,1,1,1,1,1,1,1,"[[1, 'v1'], [1, 'v2']]",[],[],[],[],"[['v1', 'c1', 'v2']]","['f1', 'f2']","['f1', 'f2']","['f1', 'f2']","['f1', 'f2']",2,2,2,2,1.43051147460938E-05,2.14576721191406E-05,2.40802764892578E-05,7.77244567871094E-05
Sec1|Node1|Edge6,f1 -> f2,1,1,1,1,1,1,1,1,"[[2, 'v2', 'v1'], [1, 'v1']]",[],[],[],[],"[['v2', 'c1', 'v1']]","['f1', 'f2']","['f1', 'f2']","['f1', 'f2']","['f1', 'f2']",2,2,2,2,1.47819519042969E-05,2.47955322265625E-05,3.0517578125E-05,0.000100135803223
Sec1|Node1|Edge7,f1 -> f2,1,1,1,1,1,1,1,1,"[[1, 'v1']]",[],[],[],[],"[['v1', 'c1', 'v2']]","['f1', 'f2']","['f1', 'f2']","['f1', 'f2']","['f1', 'f2']",2,2,2,2,2.00271606445312E-05,2.55107879638672E-05,3.52859497070312E-05,8.70227813720703E-05
Sec1|Node1|Edge8,f1 -> f2,1,1,1,1,0,0,0,1,"[[1, 'v1'], [2, 'v2', 'v1']]","['v2', 'c1']","['v2', 'c1']","['v2', 'c1']",[],"[['v1', 'c1', 'v2']]","['f1', 'f3', 'f4', 'f2']","['f1', 'f3', 'f4', 'f2']","['f1', 'f3', 'f4', 'f2']","['f1', 'f3', 'fo1', 'f2']",6,6,6,6,1.35898590087891E-05,1.97887420654297E-05,4.55379486083984E-05,9.41753387451172E-05
Sec1|Node21|Edge1,f1 -> f2,1,1,1,1,1,1,1,1,"[[1, 'v2'], [1, 'v3'], [1, 'v1']]",[],[],[],[],"[['v2', 'c2', 'v3'], ['v1', 'c1']]","['f1', 'f2']","['f1', 'f2']","['f1', 'f2']","['f1', 'f2']",2,2,2,2,1.54972076416016E-05,2.07424163818359E-05,2.43186950683594E-05,8.44001770019531E-05
Sec1|Node21|Edge2,f1 -> f2,1,1,1,1,1,1,1,1,"[[2, 'v1', 'v3'], [2, 'v1', 'v2'], [2, 'v2', 'v3']]","['v1', 'c2']","['v1', 'c2']","['v1', 'c2']",[],"[['v1', 'c2'], ['v3', 'c1', 'v2']]","['f1', 'fo1', 'f2']","['f1', 'fo1', 'f2']","['f1', 'fo1', 'f2']","['f1', 'fo6', 'fo5', 'fo1', 'f2']",4,4,4,8,2.02655792236328E-05,2.33650207519531E-05,5.43594360351563E-05,0.000455141067505
Sec1|Node21|Edge3,f1 -> f2,1,1,1,1,1,1,1,1,"[[1, 'v2'], [2, 'v2', 'v1'], [1, 'v3']]",[],[],[],[],"[['v2', 'c1', 'v1', 'v3']]","['f1', 'f2']","['f1', 'f2']","['f1', 'f2']","['f1', 'f2']",2,2,2,2,1.74045562744141E-05,2.12192535400391E-05,3.36170196533203E-05,0.000119209289551
Sec1|Node21|Edge4,f1 -> f2,1,1,1,1,0,0,0,1,"[[1, 'v2'], [1, 'v3']]","['v2', 'v3', 'c1', 'c2']","['v2', 'v3', 'c1', 'c2']","['v2', 'v3', 'c1', 'c2']",[],"[['v2', 'c1', 'v3', 'c2', 'v1']]","['f1', 'fo1', 'f2']","['f1', 'fo1', 'f2']","['f1', 'fo1', 'f2']","['f1', 'fo3', 'f2']",4,4,4,4,1.45435333251953E-05,1.97887420654297E-05,4.10079956054688E-05,8.98838043212891E-05
Sec1|Node21|Edge5,f1 -> f2,1,1,1,1,0,0,0,1,"[[2, 'v3', 'v1'], [1, 'v3']]","['v1', 'c1', 'c2']","['v1', 'c1', 'c2']","['v1', 'c1', 'c2']",[],"[['v3', 'c1', 'v1', 'c2', 'v2']]","['f1', 'f2']","['f1', 'f2']","['f1', 'f2']","['f1', 'fo4', 'f2']",2,2,2,4,1.50203704833984E-05,2.43186950683594E-05,3.09944152832031E-05,0.00012469291687
Sec1|Node21|Edge6,f1 -> f2,1,1,1,1,1,1,1,1,"[[2, 'v3', 'v2'], [1, 'v3'], [2, 'v2', 'v1']]",[],[],[],[],"[['v3', 'c2', 'v1'], ['v2', 'c1']]","['f1', 'f2']","['f1', 'f2']","['f1', 'f2']","['f1', 'f2']",2,2,2,2,1.45435333251953E-05,1.97887420654297E-05,1.52587890625E-05,0.000347137451172
Sec1|Node21|Edge7,f1 -> f2,1,1,1,1,1,1,1,1,"[[2, 'v3', 'v1'], [2, 'v2', 'v3'], [1, 'v1']]",[],[],[],[],"[['v3', 'c2', 'v1', 'v2', 'c1']]","['f1', 'f2']","['f1', 'f2']","['f1', 'f2']","['f1', 'f2']",2,2,2,2,1.45435333251953E-05,1.97887420654297E-05,2.62260437011719E-05,0.000128746032715
Sec1|Node21|Edge8,f1 -> f2,1,1,1,1,1,1,1,1,"[[1, 'v2']]",[],[],[],[],"[['v2', 'c2', 'v3', 'c1', 'v1']]","['f1', 'f2']","['f1', 'f2']","['f1', 'f2']","['f1', 'f2']",2,2,2,2,1.57356262207031E-05,2.07424163818359E-05,2.69412994384766E-05,7.10487365722656E-05
Sec1|Node14|Edge1,f1 -> f2,1,1,1,1,1,1,1,1,"[[1, 'v1']]",[],[],[],[],"[['v1', 'c1', 'c2']]","['f1', 'f3', 'f2']","['f1', 'f3', 'f2']","['f1', 'f3', 'f2']","['f1', 'f3', 'f2']",4,4,4,4,1.40666961669922E-05,1.83582305908203E-05,4.00543212890625E-05,7.31945037841797E-05
Sec1|Node14|Edge2,f1 -> f2,1,1,1,1,0,0,0,1,"[[1, 'v1']]","['v1', 'c2']","['v1', 'c2']","['v1', 'c2']",[],"[['v1', 'c2']]","['f1', 'f2']","['f1', 'f2']","['f1', 'f2']","['f1', 'f3', 'f2']",2,2,2,4,1.31130218505859E-05,1.76429748535156E-05,2.38418579101562E-05,7.03334808349609E-05
Sec1|Node14|Edge3,f1 -> f2,1,1,1,1,1,1,1,1,"[[1, 'v1']]",[],[],[],[],"[['v1', 'c1', 'c2']]","['f1', 'f2']","['f1', 'f2']","['f1', 'f2']","['f1', 'f2']",2,2,2,2,1.16825103759766E-05,1.76429748535156E-05,2.93254852294922E-05,6.22272491455078E-05
Sec1|Node14|Edge4,f1 -> f2,1,1,1,1,1,1,1,1,"[[1, 'v1']]",[],[],[],[],"[['v1', 'c1']]","['f1', 'f2']","['f1', 'f2']","['f1', 'f2']","['f1', 'f2']",2,2,2,2,1.47819519042969E-05,1.97887420654297E-05,2.33650207519531E-05,6.58035278320312E-05
Sec1|Node14|Edge5,f1 -> f2,1,1,1,1,0,0,0,1,"[[1, 'v1']]","['v1', 'c2']","['v1', 'c2']","['v1', 'c2']",[],"[['v1', 'c2']]","['f1', 'f4', 'f2']","['f1', 'f4', 'f2']","['f1', 'f4', 'f2']","['f1', 'f6', 'f3', 'f2']",4,4,4,6,1.33514404296875E-05,1.88350677490234E-05,3.814697265625E-05,8.03470611572266E-05
Sec1|Node14|Edge6,f1 -> f2,1,1,1,1,1,1,1,1,"[[1, 'v1']]",[],[],[],[],"[['v1', 'c1', 'c2']]","['f1', 'f2']","['f1', 'f2']","['f1', 'f2']","['f1', 'f2']",2,2,2,2,1.28746032714844E-05,1.71661376953125E-05,2.288818359375E-05,6.103515625E-05
Sec1|Node14|Edge7,f1 -> f2,1,1,1,1,1,1,1,1,"[[1, 'v1']]",[],[],[],[],"[['v1', 'c1', 'c2']]","['f1', 'f2']","['f1', 'f2']","['f1', 'f2']","['f1', 'f2']",2,2,2,2,1.40666961669922E-05,2.24113464355469E-05,2.33650207519531E-05,7.43865966796875E-05
Sec1|Node14|Edge8,f1 -> f2,1,1,1,1,1,1,1,1,"[[1, 'v1']]",[],[],[],[],"[['v1', 'c1', 'c2']]","['f1', 'f2']","['f1', 'f2']","['f1', 'f2']","['f1', 'f2']",2,2,2,2,1.31130218505859E-05,1.85966491699219E-05,3.45706939697266E-05,6.24656677246094E-05
Sec1|Node6|Edge1,f1 -> f2,1,1,1,1,0,0,0,1,"[[2, 'v1', 'v3'], [1, 'v2']]","['v3', 'c1']","['v3', 'c1']","['v3', 'c1']",[],"[['v1', 'c1', 'v2', 'v3', 'c2']]","['f1', 'f5', 'f2']","['f1', 'f5', 'f2']","['f1', 'f5', 'f2']","['f1', 'f4', 'f5', 'f2']",4,4,4,6,1.31130218505859E-05,2.07424163818359E-05,4.1961669921875E-05,0.000120401382446
Sec1|Node6|Edge2,f1 -> f2,1,1,1,0,0,0,0,2,"[[2, 'v3', 'v2'], [1, 'v3'], [2, 'v1', 'v3']]","['v2', 'c1', 'c2']","['v2', 'c1', 'c2']","['v2', 'c1', 'c2']",[],"[['v3', 'c1', 'c2', 'v2', 'v1']]","['f1', 'f5', 'f2']","['f1', 'f5', 'f2']","['f1', 'f5', 'f2']",[],4,4,4,-1,1.31130218505859E-05,1.76429748535156E-05,3.55243682861328E-05,0.000135183334351
Sec1|Node6|Edge3,f1 -> f2,1,1,1,1,1,1,0,1,"[[1, 'v1'], [1, 'v2'], [2, 'v3', 'v1']]",[],[],"['v3', 'c1', 'c2', 'v1', 'v2']",[],"[['v1', 'c1', 'c2', 'v2', 'v3']]","['f1', 'f3', 'f2']","['f1', 'f3', 'f2']","['f1', 'f5', 'f2']","['f1', 'f3', 'f2']",4,4,4,4,1.40666961669922E-05,1.93119049072266E-05,4.31537628173828E-05,0.000146389007568
Sec1|Node6|Edge4,f1 -> f2,1,1,1,1,0,0,0,1,"[[2, 'v3', 'v2'], [1, 'v1']]","['v3', 'c1']","['v3', 'c1']","['v3', 'c1']",[],"[['v3', 'c1', 'v1', 'c2', 'v2']]","['f1', 'f2']","['f1', 'f2']","['f1', 'f2']","['f1', 'f3', 'f5', 'f2']",2,2,2,6,1.33514404296875E-05,2.07424163818359E-05,3.40938568115234E-05,0.000136613845825
Sec1|Node6|Edge5,f1 -> f2,1,1,1,1,1,1,0,1,"[[1, 'v1'], [1, 'v3']]",[],[],"['v1', 'v2', 'c1', 'c2']",[],"[['v1', 'c2', 'v3', 'c1', 'v2']]","['f1', 'f4', 'f2']","['f1', 'f4', 'f2']","['f1', 'f3', 'f2']","['f1', 'f4', 'f2']",4,4,4,4,1.33514404296875E-05,1.81198120117187E-05,3.50475311279297E-05,9.39369201660156E-05
Sec1|Node6|Edge6,f1 -> f2,1,1,1,1,0,0,0,1,"[[2, 'v1', 'v3'], [1, 'v1'], [1, 'v3']]","['v3', 'c1', 'c2', 'v1', 'v2']","['v3', 'c1', 'c2', 'v1', 'v2']","['v3', 'c1', 'c2', 'v1', 'v2']",[],"[['v1', 'c1', 'c2', 'v3', 'v2']]","['f1', 'f4', 'f2']","['f1', 'f4', 'f2']","['f1', 'f4', 'f2']","['f1', 'f5', 'f4', 'f2']",4,4,4,6,1.38282775878906E-05,1.76429748535156E-05,4.12464141845703E-05,0.000146150588989
Sec1|Node6|Edge7,f1 -> f2,1,1,1,1,1,1,1,1,"[[1, 'v2'], [1, 'v3'], [2, 'v2', 'v3']]",[],[],[],[],"[['v2', 'c1', 'v3', 'c2', 'v1']]","['f1', 'f2']","['f1', 'f2']","['f1', 'f2']","['f1', 'f2']",2,2,2,2,1.43051147460938E-05,1.88350677490234E-05,1.93119049072266E-05,0.000116348266602
Sec1|Node6|Edge8,f1 -> f2,1,1,1,1,1,1,1,1,"[[2, 'v3', 'v2'], [1, 'v2'], [2, 'v1', 'v2']]",[],[],[],[],"[['v3', 'c1'], ['v2', 'c2', 'v1']]","['f1', 'f2']","['f1', 'f2']","['f1', 'f2']","['f1', 'f2']",2,2,2,2,1.26361846923828E-05,1.88350677490234E-05,1.97887420654297E-05,0.00019907951355
Sec1|Node17|Edge1,f1 -> f2,1,1,1,1,1,1,1,1,"[[1, 'v1']]",[],[],[],[],"[['v1', 'c1', 'c2']]","['f1', 'f7', 'f2']","['f1', 'f7', 'f2']","['f1', 'f7', 'f2']","['f1', 'f7', 'f2']",4,4,4,4,2.71797180175781E-05,3.4332275390625E-05,5.79357147216797E-05,0.000141382217407
Sec1|Node17|Edge2,f1 -> f2,1,1,1,1,1,1,1,1,"[[1, 'v1']]",[],[],[],[],"[['v1', 'c1', 'c2']]","['f1', 'f4', 'fo1', 'f5', 'f2']","['f1', 'f4', 'fo1', 'f5', 'f2']","['f1', 'f4', 'fo1', 'f5', 'f2']","['f1', 'f4', 'fo1', 'f5', 'f2']",8,8,8,8,1.47819519042969E-05,2.05039978027344E-05,5.48362731933594E-05,9.17911529541016E-05
Sec1|Node17|Edge3,f1 -> f2,1,1,1,1,1,1,1,1,"[[1, 'v1']]",[],[],[],[],"[['v1', 'c1', 'c2']]","['f1', 'f2']","['f1', 'f2']","['f1', 'f2']","['f1', 'f2']",2,2,2,2,1.66893005371094E-05,2.43186950683594E-05,2.93254852294922E-05,7.55786895751953E-05
Sec1|Node17|Edge4,f1 -> f2,1,1,1,1,1,1,1,1,"[[1, 'v1']]",[],[],[],[],"[['v1', 'c1', 'c2']]","['f1', 'fo1', 'f4', 'f2']","['f1', 'fo1', 'f4', 'f2']","['f1', 'fo1', 'f4', 'f2']","['f1', 'fo1', 'f4', 'f2']",6,6,6,6,1.57356262207031E-05,2.38418579101562E-05,6.19888305664062E-05,0.000109672546387
Sec1|Node17|Edge5,f1 -> f2,1,1,1,1,1,1,1,1,"[[1, 'v1']]",[],[],[],[],"[['v1', 'c1', 'c2']]","['f1', 'fo1', 'f2']","['f1', 'fo1', 'f2']","['f1', 'fo1', 'f2']","['f1', 'fo1', 'f2']",4,4,4,4,1.47819519042969E-05,2.16960906982422E-05,4.9591064453125E-05,9.03606414794922E-05
Sec1|Node17|Edge6,f1 -> f2,1,1,1,1,1,1,1,1,"[[1, 'v1']]",[],[],[],[],"[['v1', 'c2']]","['f1', 'f3', 'f2']","['f1', 'f3', 'f2']","['f1', 'f3', 'f2']","['f1', 'f3', 'f2']",4,4,4,4,1.50203704833984E-05,2.31266021728516E-05,3.91006469726562E-05,7.67707824707031E-05
Sec1|Node17|Edge7,f1 -> f2,1,1,1,1,1,1,1,1,"[[1, 'v1']]",[],[],[],[],"[['v1', 'c1']]","['f1', 'fo1', 'f2']","['f1', 'fo1', 'f2']","['f1', 'fo1', 'f2']","['f1', 'fo1', 'f2']",4,4,4,4,1.52587890625E-05,2.07424163818359E-05,3.71932983398437E-05,8.03470611572266E-05
Sec1|Node17|Edge8,f1 -> f2,1,1,1,1,1,1,1,1,"[[1, 'v1']]",[],[],[],[],"[['v1', 'c1', 'c2']]","['f1', 'fo1', 'f2']","['f1', 'fo1', 'f2']","['f1', 'fo1', 'f2']","['f1', 'fo1', 'f2']",4,4,4,4,1.54972076416016E-05,2.288818359375E-05,4.31537628173828E-05,8.60691070556641E-05
Sec1|Node15|Edge1,f1 -> f2,1,1,1,0,0,0,0,2,"[[2, 'co3', 'v1'], [1, 'co3'], [2, 'co2', 'co3'], [1, 'v2'], [1, 'co1']]","['v1', 'v2', 'c1', 'c2', 'co1', 'co2', 'co3']","['v1', 'v2', 'c1', 'c2', 'co1', 'co2', 'co3']","['v1', 'v2', 'c1', 'c2', 'co1', 'co2', 'co3']",[],"[['co3', 'c2', 'v1', 'co1', 'c1', 'co2', 'v2']]","['f1', 'f2']","['f1', 'f2']","['f1', 'f2']",[],2,2,2,-1,1.09672546386719E-05,1.43051147460938E-05,1.9073486328125E-05,0.000273704528809
Sec1|Node15|Edge2,f1 -> f2,1,1,1,0,0,0,0,2,"[[1, 'v2'], [2, 'v1', 'co2'], [1, 'co3'], [2, 'co3', 'co2']]","['co3', 'c1']","['co3', 'c1']","['co3', 'c1']",[],"[['v2', 'c1', 'co1', 'v1', 'co2', 'co3', 'c2']]","['f1', 'f2']","['f1', 'f2']","['f1', 'f2']",[],2,2,2,-1,1.12056732177734E-05,1.47819519042969E-05,2.33650207519531E-05,0.000184774398804
Sec1|Node15|Edge3,f1 -> f2,1,1,1,0,0,0,0,2,"[[2, 'v2', 'co2'], [2, 'co2', 'co1'], [1, 'v1'], [2, 'co2', 'v1']]","['co1', 'co2', 'v2', 'co3', 'c1']","['co1', 'co2', 'v2', 'co3', 'c1']","['co1', 'co2', 'v2', 'co3', 'c1']",[],"[['v2', 'c1', 'co1', 'co2', 'co3'], ['v1', 'c2']]","['f1', 'f4', 'f2']","['f1', 'f4', 'f2']","['f1', 'f4', 'f2']",[],4,4,4,-1,1.19209289550781E-05,1.45435333251953E-05,3.21865081787109E-05,0.000235080718994
Sec1|Node15|Edge4,f1 -> f2,1,1,1,0,0,0,0,2,"[[1, 'v2']]","['v2', 'co1', 'c1', 'c2', 'v1', 'co3', 'co2']","['v2', 'co1', 'c1', 'c2', 'v1', 'co3', 'co2']","['v2', 'co1', 'c1', 'c2', 'v1', 'co3', 'co2']",[],"[['v2', 'c2', 'v1', 'co3', 'co1', 'co2', 'c1']]","['f1', 'f2']","['f1', 'f2']","['f1', 'f2']",[],2,2,2,-1,1.12056732177734E-05,1.47819519042969E-05,2.31266021728516E-05,6.98566436767578E-05
Sec1|Node15|Edge5,f1 -> f2,1,1,1,0,0,0,0,2,"[[2, 'co2', 'co1'], [1, 'v2'], [1, 'co2'], [2, 'co3', 'v2']]","['v1', 'co2', 'c1', 'co3']","['v1', 'co2', 'c1', 'co3']","['v1', 'co2', 'c1', 'co3']",[],"[['co2', 'c1', 'v1', 'v2', 'co1', 'co3', 'c2']]","['f1', 'f2']","['f1', 'f2']","['f1', 'f2']",[],2,2,2,-1,1.04904174804688E-05,1.52587890625E-05,2.24113464355469E-05,0.000187635421753
Sec1|Node15|Edge6,f1 -> f2,1,1,1,0,0,0,0,2,"[[2, 'co2', 'co3']]","['co1', 'co3', 'c1', 'c2', 'v2', 'co2']","['co1', 'co3', 'c1', 'c2', 'v2', 'co2']","['co1', 'co3', 'c1', 'c2', 'v2', 'co2']",[],"[['co2', 'c1', 'c2', 'v1', 'v2', 'co3', 'co1']]","['f1', 'f2']","['f1', 'f2']","['f1', 'f2']",[],2,2,2,-1,1.1444091796875E-05,1.47819519042969E-05,2.00271606445312E-05,0.00010871887207
Sec1|Node15|Edge7,f1 -> f2,1,1,1,0,0,0,0,2,"[[1, 'co3']]","['v2', 'co2', 'c1', 'c2', 'co3']","['v2', 'co2', 'c1', 'c2', 'co3']","['v2', 'co2', 'c1', 'c2', 'co3']",[],"[['co3', 'c2', 'v1', 'co2', 'v2', 'c1', 'co1']]","['f1', 'f3', 'f2']","['f1', 'f3', 'f2']","['f1', 'f3', 'f2']",[],4,4,4,-1,1.12056732177734E-05,1.47819519042969E-05,2.83718109130859E-05,7.22408294677734E-05
Sec1|Node15|Edge8,f1 -> f2,1,1,1,1,1,1,1,1,"[[2, 'v2', 'co1'], [1, 'v2'], [1, 'v1'], [1, 'co3']]",[],[],[],[],"[['v2', 'c1', 'co1', 'co3', 'v1', 'c2', 'co2']]","['f1', 'f2']","['f1', 'f2']","['f1', 'f2']","['f1', 'f2']",2,2,2,2,1.23977661132813E-05,1.50203704833984E-05,2.00271606445312E-05,0.00019907951355
Sec1|Node12|Edge1,f1 -> f2,1,1,1,0,0,0,0,2,"[[2, 'v1', 'v2'], [1, 'v1']]","['v2', 'c2']","['v2', 'c2']","['v2', 'c2']",[],"[['v1', 'c2', 'c4', 'v2']]","['f1', 'f4', 'f2']","['f1', 'f4', 'f2']","['f1', 'f4', 'f2']",[],4,4,4,-1,1.64508819580078E-05,1.66893005371094E-05,4.02927398681641E-05,8.55922698974609E-05
Sec1|Node12|Edge2,f1 -> f2,1,1,1,0,0,0,0,2,"[[1, 'v1']]","['v1', 'c2']","['v1', 'c2']","['v1', 'c2']",[],"[['v1', 'c2']]","['f1', 'fo1', 'f2']","['f1', 'fo1', 'f2']","['f1', 'fo1', 'f2']",[],4,4,4,-1,1.33514404296875E-05,1.62124633789062E-05,3.60012054443359E-05,6.98566436767578E-05
Sec1|Node12|Edge3,f1 -> f2,1,1,1,1,1,1,1,1,"[[2, 'v1', 'v2'], [1, 'v1']]",[],[],[],[],"[['v1', 'c1', 'c2', 'v2', 'c5']]","['f1', 'f3', 'f2']","['f1', 'f3', 'f2']","['f1', 'f3', 'f2']","['f1', 'f3', 'f2']",4,4,4,4,1.33514404296875E-05,1.69277191162109E-05,3.55243682861328E-05,0.000123500823975
Sec1|Node12|Edge4,f1 -> f2,1,1,1,0,0,0,0,2,"[[1, 'v2'], [2, 'v2', 'v1']]","['v2', 'v1', 'c2', 'c3', 'c6']","['v2', 'v1', 'c2', 'c3', 'c6']","['v2', 'v1', 'c2', 'c3', 'c6']",[],"[['v2', 'c2', 'c3', 'v1', 'c6']]","['f1', 'fo1', 'f2']","['f1', 'fo1', 'f2']","['f1', 'fo1', 'f2']",[],4,4,4,-1,1.21593475341797E-05,1.69277191162109E-05,3.52859497070312E-05,0.000115871429443
Sec1|Node12|Edge5,f1 -> f2,1,1,1,1,0,0,0,1,"[[2, 'v2', 'v1']]","['v2', 'c1']","['v2', 'c1']","['v2', 'c1']",[],"[['v2', 'c1', 'v1']]","['f1', 'fo1', 'f2']","['f1', 'fo1', 'f2']","['f1', 'fo1', 'f2']","['f1', 'f4', 'fo1', 'f2']",4,4,4,6,1.69277191162109E-05,2.288818359375E-05,5.12599945068359E-05,0.000123023986816
Sec1|Node12|Edge6,f1 -> f2,1,1,1,1,0,0,1,1,"[[1, 'v1']]","['v1', 'v2', 'c1', 'c3', 'c4', 'c5']","['v1', 'v2', 'c1', 'c3', 'c4', 'c5']",[],[],"[['v1', 'c1', 'c4']]","['f1', 'f4', 'f2']","['f1', 'f4', 'f2']","['f1', 'fo1', 'f2']","['f1', 'fo1', 'f2']",4,4,4,4,1.1444091796875E-05,1.76429748535156E-05,3.71932983398437E-05,7.39097595214844E-05
Sec1|Node12|Edge7,f1 -> f2,1,1,1,1,1,1,1,1,"[[1, 'v2']]",[],[],[],[],"[['v2', 'c2', 'v1', 'c4', 'c5']]","['f1', 'f4', 'f2']","['f1', 'f4', 'f2']","['f1', 'f4', 'f2']","['f1', 'f4', 'f2']",4,4,4,4,1.16825103759766E-05,1.66893005371094E-05,3.74317169189453E-05,7.70092010498047E-05
Sec1|Node12|Edge8,f1 -> f2,1,1,1,1,1,1,1,1,"[[2, 'v2', 'v1']]",[],[],[],[],"[['v2', 'c2', 'c6', 'v1']]","['f1', 'f2']","['f1', 'f2']","['f1', 'f2']","['f1', 'f2']",2,2,2,2,1.47819519042969E-05,1.85966491699219E-05,2.62260437011719E-05,9.39369201660156E-05
Sec1|Node22|Edge1,f1 -> f2,1,1,1,0,0,0,0,2,"[[2, 'v1', 'v2'], [1, 'v2']]","['v2', 'c1']","['v2', 'c1']","['v2', 'c1']",[],"[['v1', 'c2'], ['v2', 'c1']]","['f1', 'f2']","['f1', 'f2']","['f1', 'f2']",[],2,2,2,-1,1.57356262207031E-05,1.85966491699219E-05,2.16960906982422E-05,0.000150203704834
Sec1|Node22|Edge2,f1 -> f2,1,1,1,1,1,1,1,1,"[[2, 'v2', 'v1']]",[],[],[],[],"[['v2', 'c2', 'v1', 'c1']]","['f1', 'f2']","['f1', 'f2']","['f1', 'f2']","['f1', 'f2']",2,2,2,2,1.35898590087891E-05,2.14576721191406E-05,2.81333923339844E-05,8.70227813720703E-05
Sec1|Node22|Edge3,f1 -> f2,1,1,1,1,1,1,1,1,"[[2, 'v1', 'v2'], [1, 'v2']]",[],[],[],[],"[['v1', 'c1', 'c2', 'v2']]","['f1', 'f2']","['f1', 'f2']","['f1', 'f2']","['f1', 'f2']",2,2,2,2,1.28746032714844E-05,1.78813934326172E-05,1.97887420654297E-05,8.74996185302734E-05
Sec1|Node22|Edge4,f1 -> f2,1,1,1,1,1,1,1,1,"[[2, 'v2', 'v1'], [1, 'v2']]",[],[],[],[],"[['v2', 'c1', 'c2', 'v1']]","['f1', 'f2']","['f1', 'f2']","['f1', 'f2']","['f1', 'f2']",2,2,2,2,1.40666961669922E-05,1.81198120117187E-05,3.24249267578125E-05,9.27448272705078E-05
Sec1|Node22|Edge5,f1 -> f2,1,1,1,1,1,1,1,1,"[[2, 'v2', 'v1'], [1, 'v2']]",[],[],[],[],"[['v2', 'c2', 'v1', 'c1']]","['f1', 'f2']","['f1', 'f2']","['f1', 'f2']","['f1', 'f2']",2,2,2,2,2.12192535400391E-05,2.98023223876953E-05,4.41074371337891E-05,0.000144958496094
Sec1|Node22|Edge6,f1 -> f2,1,1,1,1,1,1,1,1,"[[1, 'v2']]",[],[],[],[],"[['v2', 'c2']]","['f1', 'f2']","['f1', 'f2']","['f1', 'f2']","['f1', 'f2']",2,2,2,2,1.85966491699219E-05,2.21729278564453E-05,3.33786010742187E-05,7.43865966796875E-05
Sec1|Node22|Edge7,f1 -> f2,1,1,1,1,1,1,1,1,"[[1, 'v1'], [1, 'v2']]",[],[],[],[],"[['v1', 'c1', 'v2', 'c2']]","['f1', 'f2']","['f1', 'f2']","['f1', 'f2']","['f1', 'f2']",2,2,2,2,1.26361846923828E-05,2.14576721191406E-05,3.00407409667969E-05,8.63075256347656E-05
Sec1|Node22|Edge8,f1 -> f2,1,1,1,1,1,1,1,1,"[[2, 'v2', 'v1']]",[],[],[],[],"[['v2', 'c1', 'c2', 'v1']]","['f1', 'f2']","['f1', 'f2']","['f1', 'f2']","['f1', 'f2']",2,2,2,2,1.59740447998047E-05,2.288818359375E-05,2.93254852294922E-05,8.74996185302734E-05
Sec1|Node20|Edge1,f1 -> f2,1,1,1,1,1,1,1,1,"[[1, 'v2'], [2, 'v3', 'v2'], [1, 'co1']]",[],[],[],[],"[['v2', 'c1', 'v1'], ['v3', 'c2'], ['co1', 'c5']]","['f1', 'f2']","['f1', 'f2']","['f1', 'f2']","['f1', 'f2']",2,2,2,2,1.21593475341797E-05,1.59740447998047E-05,1.62124633789062E-05,0.000177621841431
Sec1|Node20|Edge2,f1 -> f2,1,1,1,1,1,1,1,1,"[[1, 'v2'], [2, 'v2', 'v1']]",[],[],[],[],"[['v2', 'c5', 'v3', 'co1', 'v1', 'c3', 'c2']]","['f1', 'f2']","['f1', 'f2']","['f1', 'f2']","['f1', 'f2']",2,2,2,2,1.16825103759766E-05,1.57356262207031E-05,2.45571136474609E-05,0.000134468078613
Sec1|Node20|Edge3,f1 -> f2,1,1,1,0,0,0,0,2,"[[1, 'co1'], [2, 'co1', 'v2'], [1, 'v2'], [2, 'v1', 'v3']]","['v2', 'c5']","['v2', 'c5']","['v2', 'c5']",[],"[['co1', 'c2', 'c3', 'c5', 'v3', 'v1', 'v2', 'c1', 'c4']]","['f1', 'f3', 'f2']","['f1', 'f3', 'f2']","['f1', 'f3', 'f2']",[],4,4,4,-1,1.35898590087891E-05,1.59740447998047E-05,3.02791595458984E-05,0.000245571136475
Sec1|Node20|Edge4,f1 -> f2,1,1,1,0,0,0,0,2,"[[2, 'co1', 'v3'], [1, 'v2'], [1, 'co1'], [1, 'v3']]","['v2', 'v3', 'c2', 'c3', 'c4', 'v1', 'co1']","['v2', 'v3', 'c2', 'c3', 'c4', 'v1', 'co1']","['v2', 'v3', 'c2', 'c3', 'c4', 'v1', 'co1']",[],"[['co1', 'c1', 'c2', 'v2', 'v3', 'c4', 'v1', 'c3']]","['f1', 'f3', 'f2']","['f1', 'f3', 'f2']","['f1', 'f3', 'f2']",[],4,4,4,-1,1.1444091796875E-05,1.50203704833984E-05,2.76565551757812E-05,0.0002121925354
Sec1|Node20|Edge5,f1 -> f2,1,1,1,0,0,0,0,2,"[[2, 'v3', 'v2'], [1, 'v3'], [1, 'co1'], [2, 'v2', 'co1']]","['v3', 'c2', 'c5']","['v3', 'c2', 'c5']","['v3', 'c2', 'c5']",[],"[['v3', 'c2', 'c5', 'v1', 'co1', 'c3', 'c4', 'v2', 'c1']]","['f1', 'f2']","['f1', 'f2']","['f1', 'f2']",[],2,2,2,-1,1.21593475341797E-05,1.57356262207031E-05,2.50339508056641E-05,0.000252246856689
Sec1|Node20|Edge6,f1 -> f2,1,1,1,0,0,0,0,2,"[[1, 'co1'], [2, 'v3', 'v2'], [1, 'v1']]","['v1', 'c3']","['v1', 'c3']","['v1', 'c3']",[],"[['co1', 'c4', 'c5', 'v2', 'v3', 'c1', 'c2'], ['v1', 'c3']]","['f1', 'f2']","['f1', 'f2']","['f1', 'f2']",[],2,2,2,-1,1.09672546386719E-05,1.40666961669922E-05,2.71797180175781E-05,0.000142812728882
Sec1|Node20|Edge7,f1 -> f2,1,1,1,1,1,1,1,1,"[[1, 'v3'], [1, 'v1']]","['co1', 'c5']","['co1', 'c5']","['co1', 'c5']","['co1', 'c5']","[['v3', 'c3', 'v1']]","['f1', 'f2']","['f1', 'f2']","['f1', 'f2']","['f1', 'f2']",2,2,2,2,1.21593475341797E-05,1.66893005371094E-05,2.57492065429687E-05,6.93798065185547E-05
Sec1|Node20|Edge8,f1 -> f2,1,1,1,1,1,1,1,1,"[[2, 'v2', 'co1'], [1, 'v3']]",[],[],[],[],"[['v2', 'c3', 'c4', 'v1', 'v3', 'co1']]","['f1', 'f2']","['f1', 'f2']","['f1', 'f2']","['f1', 'f2']",2,2,2,2,1.21593475341797E-05,1.64508819580078E-05,2.47955322265625E-05,0.000119686126709
,,,,,,,,,,,,,,,,,,,,,,,,,,,
flase positive,,,,,,106,106,107,0,,,,,,,,,,,,,,,,,,
true positive,,,,,,94,94,93,120,,,,,,,,,,,,,,,,,,
true negative,,,,,,0,0,0,78,,,,,,,,,,,,,,,,,,
false negative,,,,,,0,0,0,2,,,,,,,,,,,,,,,,,,
MAXTIME,0.00118113,,,,,,,,,,,,,,,,,,,,,,,,,,
MIDtime,0.00010121,,,,,,,,,,,,,,,,,,,,,,,,,,
AverageTime,0.00013937,,,,,,,,,,,,,,,,,,,,,,,,,,
