,User Requirement,Naive estimate,Dijkstra estimate,A* estimate,VeSpA 10 estimate,VeSpA 50 estimate,VeSpA estimate,Naive success,Dijkstra success,A* success,VeSpA 10 success,VeSpA 50 success,VeSpA success,Constraint List,Naive control List,Dijkstra control list,A star control list,VeSpA 10 control list,VeSpA 50 control list,VeSpA control list,ConstraintNodesGroup,Naive path,Dijkstra path,A* path,VeSpA 10 path,VeSpA 50 path,VeSpA path,Naive path length,Dijkstra path length,A* path length,VeSpA 10 path length,VeSpA 50 path length,VeSpA path length,Naive runtime,Dijkstra runtime,A* runtime,VeSpA 10 runtime,VeSpA 50 runtime,VeSpA runtime
Sec1|Node11_11|Edge1_18,"['f1', 'f2']",1,1,1,1,1,1,0,0,0,1,1,1,"[[2, 'v3', 'v1'], [1, 'v3'], [1, 'v2']]","['v2', 'c1', 'c2', 'c3', 'v3', 'v1']","['v2', 'c1', 'c2', 'c3', 'v3', 'v1']","['v2', 'c1', 'c2', 'c3', 'v3', 'v1']",[],[],[],"[['v3', 'c1', 'c3', 'v2', 'v1', 'c2']]","['f1', 'f2']","['f1', 'f2']","['f1', 'f2']","['f1', 'fo1', 'f2']","['f1', 'fo1', 'f2']","['f1', 'fo1', 'f2']",2,2,2,4,4,4,1.07288360595703E-05,1.85966491699219E-05,2.52723693847656E-05,0.00017237663269,0.000147104263306,0.000143527984619
Sec1|Node11_11|Edge2_15,"['f1', 'f2']",1,1,1,0,0,0,0,0,0,2,2,2,"[[2, 'v3', 'v2']]","['v2', 'v1', 'v3', 'c1', 'c2', 'c3']","['v2', 'v1', 'v3', 'c1', 'c2', 'c3']","['v2', 'v1', 'v3', 'c1', 'c2', 'c3']",[],[],[],"[['v3', 'c2', 'v1', 'v2', 'c1', 'c3']]","['f1', 'fo1', 'f2']","['f1', 'fo1', 'f2']","['f1', 'fo1', 'f2']",[],[],[],4,4,4,-1,-1,-1,9.05990600585938E-06,1.12056732177734E-05,2.33650207519531E-05,8.41617584228516E-05,7.43865966796875E-05,7.34329223632812E-05
Sec1|Node11_11|Edge3_16,"['f1', 'f2']",1,1,1,1,1,1,0,0,0,1,1,1,"[[2, 'v2', 'v3'], [1, 'v2'], [2, 'v2', 'v1']]","['v3', 'c1', 'c2', 'v1', 'v2', 'c3']","['v3', 'c1', 'c2', 'v1', 'v2', 'c3']","['v3', 'c1', 'c2', 'v1', 'v2', 'c3']",[],[],[],"[['v2', 'c1', 'c2', 'c3', 'v1', 'v3']]","['f1', 'f2']","['f1', 'f2']","['f1', 'f2']","['f1', 'fo1', 'fo2', 'f3', 'f2']","['f1', 'fo1', 'fo2', 'f3', 'f2']","['f1', 'fo1', 'fo2', 'f3', 'f2']",2,2,2,8,8,8,8.82148742675781E-06,1.28746032714844E-05,1.52587890625E-05,0.000173091888428,0.000161170959473,0.000160694122314
Sec1|Node11_11|Edge4_11,"['f1', 'f2']",1,1,1,1,1,1,1,1,1,1,1,1,"[[1, 'v3'], [1, 'v1']]",[],[],[],[],[],[],"[['v3', 'c1', 'v1', 'v2', 'c2', 'c3']]","['f1', 'fo1', 'f2']","['f1', 'fo1', 'f2']","['f1', 'fo1', 'f2']","['f1', 'fo1', 'f2']","['f1', 'fo1', 'f2']","['f1', 'fo1', 'f2']",4,4,4,4,4,4,8.58306884765625E-06,1.1444091796875E-05,2.90870666503906E-05,8.51154327392578E-05,7.93933868408203E-05,7.72476196289062E-05
Sec1|Node11_11|Edge5_13,"['f1', 'f2']",1,1,1,1,1,1,1,1,1,1,1,1,"[[2, 'v3', 'v1'], [1, 'v1'], [1, 'v2']]",[],[],[],[],[],[],"[['v3', 'c2'], ['v1', 'c3', 'v2']]","['f1', 'f2']","['f1', 'f2']","['f1', 'f2']","['f1', 'f2']","['f1', 'f2']","['f1', 'f2']",2,2,2,2,2,2,8.34465026855469E-06,1.40666961669922E-05,2.14576721191406E-05,0.000316858291626,0.000273466110229,0.000267744064331
Sec1|Node11_11|Edge6_10,"['f1', 'f2']",1,1,1,1,1,1,1,1,1,1,1,1,"[[1, 'v1'], [1, 'v3']]",[],[],[],[],[],[],"[['v1', 'c1'], ['v3', 'c2', 'v2']]","['f1', 'f3', 'f2']","['f1', 'f3', 'f2']","['f1', 'f3', 'f2']","['f1', 'f3', 'f2']","['f1', 'f3', 'f2']","['f1', 'f3', 'f2']",4,4,4,4,4,4,9.05990600585938E-06,1.23977661132813E-05,2.64644622802734E-05,6.67572021484375E-05,6.03199005126953E-05,5.91278076171875E-05
Sec1|Node11_11|Edge7_10,"['f1', 'f2']",1,1,1,1,1,1,1,1,1,1,1,1,"[[1, 'v1']]",[],[],[],[],[],[],"[['v1', 'c1', 'v2', 'v3', 'c3']]","['f1', 'f2']","['f1', 'f2']","['f1', 'f2']","['f1', 'f2']","['f1', 'f2']","['f1', 'f2']",2,2,2,2,2,2,8.58306884765625E-06,1.12056732177734E-05,1.19209289550781E-05,5.31673431396484E-05,4.72068786621094E-05,5.67436218261719E-05
Sec1|Node11_11|Edge8_13,"['f1', 'f2']",1,1,1,1,1,1,1,1,1,1,1,1,"[[1, 'v1'], [1, 'v3']]",[],[],[],[],[],[],"[['v1', 'c2', 'c3', 'v2'], ['v3', 'c1']]","['f1', 'f2']","['f1', 'f2']","['f1', 'f2']","['f1', 'f2']","['f1', 'f2']","['f1', 'f2']",2,2,2,2,2,2,8.58306884765625E-06,1.21593475341797E-05,2.07424163818359E-05,6.07967376708984E-05,5.45978546142578E-05,5.31673431396484E-05
Sec1|Node9_15|Edge1_8,"['f1', 'f2']",1,1,1,1,1,1,1,1,1,1,1,1,"[[1, 'co1'], [2, 'co1', 'v1']]","['v1', 'c5']","['v1', 'c5']","['v1', 'c5']","['v1', 'c5']","['v1', 'c5']","['v1', 'c5']","[['co1', 'c8'], ['v1', 'c5']]","['f1', 'fo1', 'f2']","['f1', 'fo1', 'f2']","['f1', 'fo1', 'f2']","['f1', 'fo1', 'f2']","['f1', 'fo1', 'f2']","['f1', 'fo1', 'f2']",4,4,4,4,4,4,8.58306884765625E-06,1.21593475341797E-05,2.57492065429687E-05,0.000217199325562,0.000205993652344,0.000204563140869
Sec1|Node9_15|Edge2_10,"['f1', 'f2']",1,1,1,1,1,1,0,0,0,1,1,1,"[[1, 'co1']]","['co1', 'c7']","['co1', 'c7']","['co1', 'c7']",[],[],[],"[['co1', 'c7']]","['f1', 'f2']","['f1', 'f2']","['f1', 'f2']","['f1', 'f4', 'f2']","['f1', 'f4', 'f2']","['f1', 'f4', 'f2']",2,2,2,4,4,4,8.34465026855469E-06,1.31130218505859E-05,2.12192535400391E-05,6.93798065185547E-05,6.27040863037109E-05,6.15119934082031E-05
Sec1|Node9_15|Edge3_8,"['f1', 'f2']",1,1,1,1,1,1,1,1,1,1,1,1,"[[1, 'v1']]",[],[],[],[],[],[],"[['v1', 'c5']]","['f1', 'fo1', 'f2']","['f1', 'fo1', 'f2']","['f1', 'fo1', 'f2']","['f1', 'fo1', 'f2']","['f1', 'fo1', 'f2']","['f1', 'fo1', 'f2']",4,4,4,4,4,4,8.34465026855469E-06,1.09672546386719E-05,2.64644622802734E-05,5.76972961425781E-05,5.24520874023438E-05,5.19752502441406E-05
Sec1|Node9_15|Edge4_9,"['f1', 'f2']",1,1,1,1,1,1,1,1,1,1,1,1,"[[2, 'co1', 'v1']]",[],[],[],[],[],[],"[['co1', 'c7'], ['v1', 'c2', 'c6']]","['f1', 'f4', 'f2']","['f1', 'f4', 'f2']","['f1', 'f4', 'f2']","['f1', 'f4', 'f2']","['f1', 'f4', 'f2']","['f1', 'f4', 'f2']",4,4,4,4,4,4,8.34465026855469E-06,1.23977661132813E-05,2.88486480712891E-05,0.000251293182373,0.000215291976929,0.000212907791138
Sec1|Node9_15|Edge5_10,"['f1', 'f2']",1,1,1,0,0,0,0,0,0,2,2,2,"[[1, 'v1'], [1, 'co1']]","['co1', 'c4', 'c7']","['co1', 'c4', 'c7']","['co1', 'c4', 'c7']",[],[],[],"[['v1', 'c1', 'c3'], ['co1', 'c4', 'c7']]","['f1', 'fo1', 'f2']","['f1', 'fo1', 'f2']","['f1', 'fo1', 'f2']",[],[],[],4,4,4,-1,-1,-1,8.58306884765625E-06,1.19209289550781E-05,2.88486480712891E-05,7.58171081542969E-05,6.98566436767578E-05,6.84261322021484E-05
Sec1|Node9_15|Edge6_9,"['f1', 'f2']",1,1,1,1,1,1,1,1,1,1,1,1,"[[2, 'co1', 'v1']]","['co1', 'c2']","['co1', 'c2']","['co1', 'c2']","['co1', 'c2']","['co1', 'c2']","['co1', 'c2']","[['co1', 'c2'], ['v1', 'c1']]","['f1', 'f2']","['f1', 'f2']","['f1', 'f2']","['f1', 'f2']","['f1', 'f2']","['f1', 'f2']",2,2,2,2,2,2,8.34465026855469E-06,1.23977661132813E-05,1.50203704833984E-05,0.000221252441406,0.000214338302612,0.000213146209717
Sec1|Node9_15|Edge7_7,"['f1', 'f2']",1,1,1,0,0,0,0,0,0,2,2,2,"[[2, 'v1', 'co1']]","['v1', 'c2', 'co1']","['v1', 'c2', 'co1']","['v1', 'c2', 'co1']",[],[],[],"[['v1', 'c2', 'co1']]","['f1', 'fo1', 'f2']","['f1', 'fo1', 'f2']","['f1', 'fo1', 'f2']",[],[],[],4,4,4,-1,-1,-1,8.58306884765625E-06,1.12056732177734E-05,2.55107879638672E-05,7.29560852050781E-05,6.69956207275391E-05,6.46114349365234E-05
Sec1|Node9_15|Edge8_10,"['f1', 'f2']",1,1,1,1,1,1,0,0,0,1,1,1,"[[1, 'v1'], [1, 'co1']]","['co1', 'c1', 'c5']","['co1', 'c1', 'c5']","['co1', 'c1', 'c5']",[],[],[],"[['v1', 'c6'], ['co1', 'c1', 'c5']]","['f1', 'f3', 'f2']","['f1', 'f3', 'f2']","['f1', 'f3', 'f2']","['f1', 'fo1', 'f2']","['f1', 'fo1', 'f2']","['f1', 'fo1', 'f2']",4,4,4,4,4,4,8.82148742675781E-06,1.28746032714844E-05,2.95639038085937E-05,7.39097595214844E-05,6.74724578857422E-05,6.69956207275391E-05
Sec1|Node2_13|Edge1_14,"['f1', 'f2']",1,1,1,0,0,0,0,0,0,2,2,2,"[[1, 'v2'], [2, 'v1', 'v2']]","['v2', 'c1', 'c2', 'v1']","['v2', 'c1', 'c2', 'v1']","['v2', 'c1', 'c2', 'v1']",[],[],[],"[['v2', 'c1', 'c2', 'v1']]","['f1', 'f6', 'fo2', 'f4', 'f2']","['f1', 'f6', 'fo2', 'f4', 'f2']","['f1', 'f6', 'fo2', 'f4', 'f2']",[],[],[],8,8,8,-1,-1,-1,1.21593475341797E-05,1.69277191162109E-05,4.33921813964844E-05,0.000116348266602,0.000109195709229,0.000106573104858
Sec1|Node2_13|Edge2_11,"['f1', 'f2']",1,1,1,1,1,1,1,1,1,1,1,1,"[[2, 'v2', 'v1']]",[],[],[],[],[],[],"[['v2', 'c2'], ['v1', 'c1']]","['f1', 'f3', 'fo2', 'f2']","['f1', 'f3', 'fo2', 'f2']","['f1', 'f3', 'fo2', 'f2']","['f1', 'f3', 'fo2', 'f2']","['f1', 'f3', 'fo2', 'f2']","['f1', 'f3', 'fo2', 'f2']",6,6,6,6,6,6,1.1444091796875E-05,1.59740447998047E-05,3.26633453369141E-05,0.000279426574707,0.000265836715698,0.000262498855591
Sec1|Node2_13|Edge3_13,"['f1', 'f2']",1,1,1,1,1,1,1,1,1,1,1,1,"[[2, 'v2', 'v1']]",[],[],[],[],[],[],"[['v2', 'c1', 'c2', 'v1']]","['f1', 'f3', 'f6', 'f2']","['f1', 'f3', 'f6', 'f2']","['f1', 'f3', 'f6', 'f2']","['f1', 'f3', 'f6', 'f2']","['f1', 'f3', 'f6', 'f2']","['f1', 'f3', 'f6', 'f2']",6,6,6,6,6,6,1.1444091796875E-05,1.54972076416016E-05,3.12328338623047E-05,8.65459442138672E-05,8.08238983154297E-05,7.89165496826172E-05
Sec1|Node2_13|Edge4_13,"['f1', 'f2']",1,1,1,1,1,1,0,0,0,1,1,1,"[[1, 'v1']]","['v1', 'v2', 'c1', 'c2']","['v1', 'v2', 'c1', 'c2']","['v1', 'v2', 'c1', 'c2']",[],[],[],"[['v1', 'c1', 'v2', 'c2']]","['f1', 'fo3', 'f2']","['f1', 'fo3', 'f2']","['f1', 'fo3', 'f2']","['f1', 'fo3', 'fo2', 'f2']","['f1', 'fo3', 'fo2', 'f2']","['f1', 'fo3', 'fo2', 'f2']",4,4,4,6,6,6,1.09672546386719E-05,1.69277191162109E-05,4.12464141845703E-05,9.84668731689453E-05,9.39369201660156E-05,8.79764556884766E-05
Sec1|Node2_13|Edge5_12,"['f1', 'f2']",1,1,1,1,1,1,1,1,1,1,1,1,"[[1, 'v2'], [1, 'v1']]",[],[],[],[],[],[],"[['v2', 'c2', 'v1']]","['f1', 'f5', 'fo3', 'f2']","['f1', 'f5', 'fo3', 'f2']","['f1', 'f5', 'fo3', 'f2']","['f1', 'f5', 'fo3', 'f2']","['f1', 'f5', 'fo3', 'f2']","['f1', 'f5', 'fo3', 'f2']",6,6,6,6,6,6,1.1444091796875E-05,1.62124633789062E-05,3.64780426025391E-05,8.392333984375E-05,7.82012939453125E-05,7.72476196289062E-05
Sec1|Node2_13|Edge6_14,"['f1', 'f2']",1,1,1,0,0,0,0,0,0,2,2,2,"[[1, 'v2'], [1, 'v1']]","['v2', 'c1', 'c2', 'v1']","['v2', 'c1', 'c2', 'v1']","['v2', 'c1', 'c2', 'v1']",[],[],[],"[['v2', 'c1', 'c2', 'v1']]","['f1', 'f5', 'f4', 'f2']","['f1', 'f5', 'f4', 'f2']","['f1', 'f5', 'f4', 'f2']",[],[],[],6,6,6,-1,-1,-1,1.19209289550781E-05,1.59740447998047E-05,2.45571136474609E-05,7.41481781005859E-05,6.79492950439453E-05,6.67572021484375E-05
Sec1|Node2_13|Edge7_14,"['f1', 'f2']",1,1,1,1,1,1,1,1,1,1,1,1,"[[2, 'v2', 'v1']]",[],[],[],[],[],[],"[['v2', 'c2', 'v1', 'c1']]","['f1', 'fo2', 'f6', 'f2']","['f1', 'fo2', 'f6', 'f2']","['f1', 'fo2', 'f6', 'f2']","['f1', 'fo2', 'f6', 'f2']","['f1', 'fo2', 'f6', 'f2']","['f1', 'fo2', 'f6', 'f2']",6,6,6,6,6,6,1.1444091796875E-05,1.74045562744141E-05,4.98294830322266E-05,0.00010085105896,9.58442687988281E-05,9.44137573242188E-05
Sec1|Node2_13|Edge8_12,"['f1', 'f2']",1,1,1,0,0,0,0,0,0,2,2,2,"[[2, 'v1', 'v2']]","['v1', 'c1', 'v2', 'c2']","['v1', 'c1', 'v2', 'c2']","['v1', 'c1', 'v2', 'c2']",[],[],[],"[['v1', 'c1', 'v2', 'c2']]","['f1', 'f6', 'fo3', 'f2']","['f1', 'f6', 'fo3', 'f2']","['f1', 'f6', 'fo3', 'f2']",[],[],[],6,6,6,-1,-1,-1,1.19209289550781E-05,1.59740447998047E-05,3.83853912353516E-05,6.36577606201172E-05,5.67436218261719E-05,5.53131103515625E-05
Sec1|Node25_12|Edge1_15,"['f1', 'f2']",1,1,1,1,1,1,1,1,1,1,1,1,"[[1, 'v1']]",[],[],[],[],[],[],"[['v1', 'c1', 'co1', 'v2', 'v3', 'v4']]","['f1', 'f2']","['f1', 'f2']","['f1', 'f2']","['f1', 'f2']","['f1', 'f2']","['f1', 'f2']",2,2,2,2,2,2,1.00135803222656E-05,1.28746032714844E-05,2.07424163818359E-05,6.4849853515625E-05,5.86509704589844E-05,5.7220458984375E-05
Sec1|Node25_12|Edge2_13,"['f1', 'f2']",1,1,1,0,0,0,0,0,0,2,2,2,"[[2, 'v4', 'v1'], [1, 'v3'], [2, 'v4', 'v2']]","['v1', 'v3', 'c1', 'v2', 'v4', 'co1']","['v1', 'v3', 'c1', 'v2', 'v4', 'co1']","['v4', 'v2', 'c1', 'co1', 'v1', 'v3']",[],[],[],"[['v4', 'c1', 'co1', 'v1', 'v2', 'v3']]","['f1', 'fo2', 'fo1', 'f2']","['f1', 'fo2', 'fo1', 'f2']","['f1', 'fo3', 'fo1', 'f2']",[],[],[],6,6,6,-1,-1,-1,9.29832458496094E-06,1.31130218505859E-05,3.52859497070312E-05,0.000133275985718,0.000136613845825,0.000124454498291
Sec1|Node25_12|Edge3_14,"['f1', 'f2']",1,1,1,0,0,0,0,0,0,2,2,2,"[[2, 'co1', 'v4'], [2, 'v3', 'v2'], [2, 'v1', 'v3'], [2, 'v1', 'v2'], [1, 'v4']]","['v2', 'c1', 'v1', 'v3', 'v4', 'co1']","['v2', 'c1', 'v1', 'v3', 'v4', 'co1']","['v2', 'c1', 'v1', 'v3', 'v4', 'co1']",[],[],[],"[['co1', 'c1', 'v1', 'v2', 'v3', 'v4']]","['f1', 'fo2', 'f2']","['f1', 'fo2', 'f2']","['f1', 'fo2', 'f2']",[],[],[],4,4,4,-1,-1,-1,9.5367431640625E-06,1.47819519042969E-05,3.36170196533203E-05,0.000212907791138,0.000204563140869,0.000203132629395
Sec1|Node25_12|Edge4_11,"['f1', 'f2']",1,1,1,0,0,0,0,0,0,2,2,2,"[[1, 'v3'], [2, 'v2', 'co1'], [2, 'v3', 'v4']]","['co1', 'c1', 'v1', 'v2', 'v3', 'v4']","['co1', 'c1', 'v1', 'v2', 'v3', 'v4']","['co1', 'c1', 'v1', 'v2', 'v3', 'v4']",[],[],[],"[['v3', 'c1', 'v1', 'v2', 'v4', 'co1']]","['f1', 'f2']","['f1', 'f2']","['f1', 'f2']",[],[],[],2,2,2,-1,-1,-1,9.29832458496094E-06,1.26361846923828E-05,1.52587890625E-05,0.000131607055664,0.000125169754028,0.000123023986816
Sec1|Node25_12|Edge5_12,"['f1', 'f2']",1,1,1,0,0,0,0,0,0,2,2,2,"[[1, 'v1'], [1, 'co1'], [2, 'v4', 'v2'], [1, 'v4'], [2, 'v2', 'co1']]","['v2', 'c1', 'v1', 'v3', 'v4', 'co1']","['v2', 'c1', 'v1', 'v3', 'v4', 'co1']","['v2', 'c1', 'v1', 'v3', 'v4', 'co1']",[],[],[],"[['v1', 'c1', 'v2', 'v3', 'v4', 'co1']]","['f1', 'f2']","['f1', 'f2']","['f1', 'f2']",[],[],[],2,2,2,-1,-1,-1,9.29832458496094E-06,1.33514404296875E-05,1.54972076416016E-05,0.000174760818481,0.000167608261108,0.000164985656738
Sec1|Node25_12|Edge6_12,"['f1', 'f2']",1,1,1,0,0,0,0,0,0,2,2,2,"[[2, 'v2', 'v1']]","['v3', 'v4', 'co1', 'c1', 'v1', 'v2']","['v3', 'v4', 'co1', 'c1', 'v1', 'v2']","['v3', 'v4', 'co1', 'c1', 'v1', 'v2']",[],[],[],"[['v2', 'c1', 'v1', 'v3', 'v4', 'co1']]","['f1', 'fo1', 'f2']","['f1', 'fo1', 'f2']","['f1', 'fo1', 'f2']",[],[],[],4,4,4,-1,-1,-1,9.29832458496094E-06,1.21593475341797E-05,2.43186950683594E-05,8.17775726318359E-05,7.55786895751953E-05,7.43865966796875E-05
Sec1|Node25_12|Edge7_16,"['f1', 'f2']",1,1,1,1,1,1,1,1,1,1,1,1,"[[1, 'co1']]",[],[],[],[],[],[],"[['co1', 'c1', 'v2', 'v1', 'v3', 'v4']]","['f1', 'f2']","['f1', 'f2']","['f1', 'f2']","['f1', 'f2']","['f1', 'f2']","['f1', 'f2']",2,2,2,2,2,2,9.5367431640625E-06,1.43051147460938E-05,2.07424163818359E-05,6.91413879394531E-05,6.36577606201172E-05,7.93933868408203E-05
Sec1|Node25_12|Edge8_15,"['f1', 'f2']",1,1,1,1,1,1,1,1,1,1,1,1,"[[1, 'v1'], [2, 'v1', 'v4'], [1, 'v4']]",[],[],[],[],[],[],"[['v1', 'c1', 'co1', 'v2', 'v3', 'v4']]","['f1', 'f2']","['f1', 'f2']","['f1', 'f2']","['f1', 'f2']","['f1', 'f2']","['f1', 'f2']",2,2,2,2,2,2,9.29832458496094E-06,1.43051147460938E-05,2.36034393310547E-05,0.000126600265503,0.000119924545288,0.000117540359497
Sec1|Node10_11|Edge1_13,"['f1', 'f2']",1,1,1,1,1,1,1,1,1,1,1,1,"[[1, 'v1']]",[],[],[],[],[],[],"[['v1', 'c1', 'co1']]","['f1', 'fo1', 'f2']","['f1', 'fo1', 'f2']","['f1', 'fo1', 'f2']","['f1', 'fo1', 'f2']","['f1', 'fo1', 'f2']","['f1', 'fo1', 'f2']",4,4,4,4,4,4,1.07288360595703E-05,1.71661376953125E-05,3.95774841308594E-05,8.08238983154297E-05,7.79628753662109E-05,7.51018524169922E-05
Sec1|Node10_11|Edge2_18,"['f1', 'f2']",1,1,1,1,1,1,1,1,1,1,1,1,"[[1, 'co1']]",[],[],[],[],[],[],"[['co1', 'c1', 'v1']]","['f1', 'f2']","['f1', 'f2']","['f1', 'f2']","['f1', 'f2']","['f1', 'f2']","['f1', 'f2']",2,2,2,2,2,2,1.09672546386719E-05,2.00271606445312E-05,2.38418579101562E-05,7.34329223632812E-05,6.79492950439453E-05,6.72340393066406E-05
Sec1|Node10_11|Edge3_16,"['f1', 'f2']",1,1,1,1,1,1,1,1,1,1,1,1,"[[1, 'v1'], [2, 'co1', 'v1']]",[],[],[],[],[],[],"[['v1', 'c1', 'co1']]","['f1', 'fo1', 'f2']","['f1', 'fo1', 'f2']","['f1', 'fo1', 'f2']","['f1', 'fo1', 'f2']","['f1', 'fo1', 'f2']","['f1', 'fo1', 'f2']",4,4,4,4,4,4,1.12056732177734E-05,1.85966491699219E-05,3.79085540771484E-05,9.84668731689453E-05,9.22679901123047E-05,9.20295715332031E-05
Sec1|Node10_11|Edge4_17,"['f1', 'f2']",1,1,1,1,1,1,1,1,1,1,1,1,"[[2, 'co1', 'v1']]",[],[],[],[],[],[],"[['co1', 'c1', 'v1']]","['f1', 'fo1', 'f2']","['f1', 'fo1', 'f2']","['f1', 'f3', 'f2']","['f1', 'f3', 'f2']","['f1', 'f3', 'f2']","['f1', 'f3', 'f2']",4,4,4,4,4,4,1.09672546386719E-05,1.93119049072266E-05,4.41074371337891E-05,9.87052917480469E-05,9.29832458496094E-05,9.20295715332031E-05
Sec1|Node10_11|Edge5_15,"['f1', 'f2']",1,1,1,1,1,1,1,1,1,1,1,1,"[[1, 'v1'], [1, 'co1']]",[],[],[],[],[],[],"[['v1', 'c1', 'co1']]","['f1', 'f2']","['f1', 'f2']","['f1', 'f2']","['f1', 'f2']","['f1', 'f2']","['f1', 'f2']",2,2,2,2,2,2,1.12056732177734E-05,1.83582305908203E-05,2.07424163818359E-05,7.84397125244141E-05,6.866455078125E-05,6.81877136230469E-05
Sec1|Node10_11|Edge6_11,"['f1', 'f2']",1,1,1,1,1,1,0,0,0,1,1,1,"[[1, 'co1']]","['co1', 'c1', 'v1']","['co1', 'c1', 'v1']","['co1', 'c1', 'v1']",[],[],[],"[['co1', 'c1', 'v1']]","['f1', 'fo1', 'f2']","['f1', 'fo1', 'f2']","['f1', 'fo1', 'f2']","['f1', 'fo1', 'f6', 'f2']","['f1', 'fo1', 'f6', 'f2']","['f1', 'fo1', 'f6', 'f2']",4,4,4,6,6,6,1.28746032714844E-05,1.81198120117187E-05,3.40938568115234E-05,7.36713409423828E-05,6.866455078125E-05,6.72340393066406E-05
Sec1|Node10_11|Edge7_10,"['f1', 'f2']",1,1,1,0,0,0,0,0,0,2,2,2,"[[1, 'v1']]","['co1', 'c1', 'v1']","['co1', 'c1', 'v1']","['co1', 'c1', 'v1']",[],[],[],"[['v1', 'c1', 'co1']]","['f1', 'fo1', 'f3', 'f5', 'f2']","['f1', 'fo1', 'f3', 'f5', 'f2']","['f1', 'fo1', 'f3', 'f5', 'f2']",[],[],[],8,8,8,-1,-1,-1,1.07288360595703E-05,1.47819519042969E-05,4.29153442382813E-05,4.64916229248047E-05,4.07695770263672E-05,3.93390655517578E-05
Sec1|Node10_11|Edge8_12,"['f1', 'f2']",1,1,1,1,1,1,1,1,1,1,1,1,"[[1, 'v1'], [2, 'co1', 'v1']]",[],[],[],[],[],[],"[['v1', 'c1', 'co1']]","['f1', 'f2']","['f1', 'f2']","['f1', 'f2']","['f1', 'f2']","['f1', 'f2']","['f1', 'f2']",2,2,2,2,2,2,1.12056732177734E-05,1.69277191162109E-05,1.50203704833984E-05,7.34329223632812E-05,6.74724578857422E-05,6.55651092529297E-05
Sec1|Node24_12|Edge1_11,"['f1', 'f2']",1,1,1,0,0,0,0,0,0,2,2,2,"[[1, 'co2'], [2, 'v1', 'v2'], [1, 'v4'], [2, 'v1', 'co2'], [2, 'co1', 'v3'], [1, 'co1']]","['v4', 'c2', 'v2']","['v4', 'c2', 'v2']","['v4', 'c2', 'v2']",[],[],[],"[['co2', 'c1', 'v1', 'v3', 'co1'], ['v2', 'c2', 'v4']]","['f1', 'f4', 'f2']","['f1', 'f4', 'f2']","['f1', 'f4', 'f2']",[],[],[],4,4,4,-1,-1,-1,7.62939453125E-06,1.12056732177734E-05,2.64644622802734E-05,0.000296831130981,0.000284671783447,0.000282764434814
Sec1|Node24_12|Edge2_10,"['f1', 'f2']",1,1,1,0,0,0,0,0,0,2,2,2,"[[1, 'co2'], [1, 'v2'], [2, 'co2', 'v1']]","['co2', 'c1', 'v2', 'v4', 'co1']","['co2', 'c1', 'v2', 'v4', 'co1']","['co2', 'c1', 'v2', 'v4', 'co1']",[],[],[],"[['co2', 'c1', 'v2', 'v4', 'co1'], ['v1', 'c2', 'v3']]","['f1', 'f4', 'f2']","['f1', 'f4', 'f2']","['f1', 'f4', 'f2']",[],[],[],4,4,4,-1,-1,-1,7.86781311035156E-06,1.00135803222656E-05,2.52723693847656E-05,0.000209808349609,0.000200033187866,0.000197887420654
Sec1|Node24_12|Edge3_11,"['f1', 'f2']",1,1,1,0,0,0,0,0,0,2,2,2,"[[1, 'v2'], [1, 'co1'], [1, 'v1'], [1, 'v4'], [2, 'v2', 'v1']]","['v2', 'co1', 'v3', 'c2', 'c1', 'v4', 'co2', 'v1']","['v2', 'co1', 'v3', 'c2', 'c1', 'v4', 'co2', 'v1']","['v2', 'co1', 'v3', 'c2', 'c1', 'v4', 'co2', 'v1']",[],[],[],"[['v2', 'c2', 'v3', 'v4', 'co2', 'c1', 'v1', 'co1']]","['f1', 'f3', 'f2']","['f1', 'f3', 'f2']","['f1', 'f3', 'f2']",[],[],[],4,4,4,-1,-1,-1,7.62939453125E-06,9.77516174316406E-06,2.21729278564453E-05,0.000200271606445,0.000192165374756,0.000194311141968
Sec1|Node24_12|Edge4_16,"['f1', 'f2']",1,1,1,0,0,0,0,0,0,2,2,2,"[[2, 'v2', 'v1'], [1, 'co2'], [1, 'v1'], [2, 'v2', 'v3'], [2, 'v3', 'co1']]","['v2', 'v3', 'c1', 'c2', 'co2', 'v1', 'v4', 'co1']","['v2', 'v3', 'c1', 'c2', 'co2', 'v1', 'v4', 'co1']","['v2', 'v3', 'c1', 'c2', 'co2', 'v1', 'v4', 'co1']",[],[],[],"[['v2', 'c1', 'c2', 'co2', 'v1', 'v3', 'v4', 'co1']]","['f1', 'f2']","['f1', 'f2']","['f1', 'f2']",[],[],[],2,2,2,-1,-1,-1,1.1444091796875E-05,1.59740447998047E-05,2.81333923339844E-05,0.000493288040161,0.000327587127686,0.000307321548462
Sec1|Node24_12|Edge5_13,"['f1', 'f2']",1,1,1,0,0,0,0,0,0,2,2,2,"[[1, 'co1']]","['v3', 'c1', 'v2', 'v4', 'co2', 'c2', 'co1', 'v1']","['v3', 'c1', 'v2', 'v4', 'co2', 'c2', 'co1', 'v1']","['v3', 'c1', 'v2', 'v4', 'co2', 'c2', 'co1', 'v1']",[],[],[],"[['co1', 'c2', 'co2', 'v1', 'v2', 'c1', 'v3', 'v4']]","['f1', 'f2']","['f1', 'f2']","['f1', 'f2']",[],[],[],2,2,2,-1,-1,-1,7.62939453125E-06,1.16825103759766E-05,1.81198120117187E-05,7.08103179931641E-05,6.38961791992187E-05,6.19888305664062E-05
Sec1|Node24_12|Edge6_14,"['f1', 'f2']",1,1,1,0,0,0,0,0,0,2,2,2,"[[2, 'co1', 'co2'], [1, 'co2'], [2, 'v3', 'co1'], [1, 'v4'], [1, 'co1']]","['co1', 'v1', 'v3', 'co2', 'c1', 'c2', 'v4', 'v2']","['co1', 'v1', 'v3', 'co2', 'c1', 'c2', 'v4', 'v2']","['co1', 'v1', 'v3', 'co2', 'c1', 'c2', 'v4', 'v2']",[],[],[],"[['co1', 'c1', 'c2', 'v3', 'co2', 'v1', 'v2', 'v4']]","['f1', 'f4', 'f2']","['f1', 'f4', 'f2']","['f1', 'f4', 'f2']",[],[],[],4,4,4,-1,-1,-1,7.62939453125E-06,1.02519989013672E-05,2.57492065429687E-05,0.000261545181274,0.000247478485107,0.000247478485107
Sec1|Node24_12|Edge7_15,"['f1', 'f2']",1,1,1,0,0,0,0,0,0,2,2,2,"[[1, 'co1'], [2, 'co2', 'v2']]","['v1', 'co2', 'c2', 'c1', 'v2', 'v3', 'co1', 'v4']","['v1', 'co2', 'c2', 'c1', 'v2', 'v3', 'co1', 'v4']","['v1', 'co2', 'c2', 'c1', 'v2', 'v3', 'co1', 'v4']",[],[],[],"[['co1', 'c1', 'c2', 'v2', 'v3', 'co2', 'v1', 'v4']]","['f1', 'f2']","['f1', 'f2']","['f1', 'f2']",[],[],[],2,2,2,-1,-1,-1,9.5367431640625E-06,1.19209289550781E-05,1.76429748535156E-05,0.000145435333252,0.000137090682983,0.000135183334351
Sec1|Node24_12|Edge8_12,"['f1', 'f2']",1,1,1,0,0,0,0,0,0,2,2,2,"[[1, 'v2'], [1, 'v1'], [1, 'v4'], [1, 'co1']]","['co2', 'c1', 'c2', 'v2', 'v1', 'v3', 'v4', 'co1']","['co2', 'c1', 'c2', 'v2', 'v1', 'v3', 'v4', 'co1']","['co2', 'c1', 'c2', 'v2', 'v1', 'v3', 'v4', 'co1']",[],[],[],"[['v2', 'c1', 'co2', 'c2', 'v1', 'v3', 'v4', 'co1']]","['f1', 'f2']","['f1', 'f2']","['f1', 'f2']",[],[],[],2,2,2,-1,-1,-1,1.07288360595703E-05,1.54972076416016E-05,2.74181365966797E-05,0.000263452529907,0.000166177749634,0.00014591217041
Sec1|Node18_9|Edge1_12,"['f1', 'f2']",1,1,1,0,0,0,0,0,0,2,2,2,"[[1, 'v3'], [1, 'v2'], [2, 'v3', 'v1']]","['v2', 'v3', 'c1', 'c2', 'c3', 'v1']","['v2', 'v3', 'c1', 'c2', 'c3', 'v1']","['v2', 'v3', 'c1', 'c2', 'c3', 'v1']",[],[],[],"[['v3', 'c2', 'c3', 'v2', 'v1', 'c1']]","['f1', 'f2']","['f1', 'f2']","['f1', 'f2']",[],[],[],2,2,2,-1,-1,-1,8.10623168945313E-06,1.00135803222656E-05,1.66893005371094E-05,0.000123023986816,0.000114440917969,0.000118255615234
Sec1|Node18_9|Edge2_10,"['f1', 'f2']",1,1,1,0,0,0,0,0,0,2,2,2,"[[1, 'v1'], [2, 'v1', 'v3'], [1, 'v2']]","['v1', 'v2', 'c2', 'c3', 'c1', 'v3']","['v1', 'v2', 'c2', 'c3', 'c1', 'v3']","['v1', 'v2', 'c2', 'c3', 'c1', 'v3']",[],[],[],"[['v1', 'c2', 'c3', 'v2', 'v3', 'c1']]","['f1', 'f2']","['f1', 'f2']","['f1', 'f2']",[],[],[],2,2,2,-1,-1,-1,1.04904174804688E-05,1.43051147460938E-05,2.33650207519531E-05,0.000178575515747,0.000171422958374,0.000174283981323
Sec1|Node18_9|Edge3_6,"['f1', 'f2']",1,1,1,1,1,1,0,0,0,1,1,1,"[[1, 'v1']]","['v1', 'c1']","['v1', 'c1']","['v1', 'c1']","['v2', 'v3', 'c2', 'c3']","['v2', 'v3', 'c2', 'c3']","['v2', 'v3', 'c2', 'c3']","[['v1', 'c1']]","['f1', 'f2']","['f1', 'f2']","['f1', 'f2']","['f1', 'fo1', 'f2']","['f1', 'fo1', 'f2']","['f1', 'fo1', 'f2']",2,2,2,4,4,4,7.86781311035156E-06,9.5367431640625E-06,1.50203704833984E-05,4.64916229248047E-05,4.05311584472656E-05,3.91006469726562E-05
Sec1|Node18_9|Edge4_7,"['f1', 'f2']",1,1,1,0,0,0,0,0,0,2,2,2,"[[2, 'v2', 'v3']]","['v1', 'v2', 'c1', 'c2', 'v3']","['v1', 'v2', 'c1', 'c2', 'v3']","['v1', 'v2', 'c1', 'c2', 'v3']",[],[],[],"[['v2', 'c1', 'v1', 'v3', 'c2']]","['f1', 'f2']","['f1', 'f2']","['f1', 'f2']",[],[],[],2,2,2,-1,-1,-1,7.15255737304688E-06,8.82148742675781E-06,1.50203704833984E-05,6.69956207275391E-05,6.00814819335938E-05,5.96046447753906E-05
Sec1|Node18_9|Edge5_9,"['f1', 'f2']",1,1,1,0,0,0,0,0,0,2,2,2,"[[2, 'v2', 'v1'], [1, 'v3']]","['v1', 'c1', 'c3', 'v2', 'v3']","['v1', 'c1', 'c3', 'v2', 'v3']","['v1', 'c1', 'c3', 'v2', 'v3']",[],[],[],"[['v2', 'c1', 'v3', 'v1', 'c3']]","['f1', 'f2']","['f1', 'f2']","['f1', 'f2']",[],[],[],2,2,2,-1,-1,-1,7.39097595214844E-06,9.5367431640625E-06,1.50203704833984E-05,8.13007354736328E-05,7.34329223632812E-05,7.22408294677734E-05
Sec1|Node18_9|Edge6_8,"['f1', 'f2']",1,1,1,1,1,1,1,1,1,1,1,1,"[[2, 'v3', 'v1'], [1, 'v2'], [2, 'v1', 'v2']]",[],[],[],[],[],[],"[['v3', 'c1', 'c3', 'v1', 'v2', 'c2']]","['f1', 'f2']","['f1', 'f2']","['f1', 'f2']","['f1', 'f2']","['f1', 'f2']","['f1', 'f2']",2,2,2,2,2,2,7.39097595214844E-06,1.19209289550781E-05,1.76429748535156E-05,0.000121355056763,0.000133037567139,0.000112771987915
Sec1|Node18_9|Edge7_11,"['f1', 'f2']",1,1,1,0,0,0,0,0,0,2,2,2,"[[2, 'v1', 'v2']]","['v2', 'c1', 'c2', 'c3', 'v1', 'v3']","['v2', 'c1', 'c2', 'c3', 'v1', 'v3']","['v2', 'c1', 'c2', 'c3', 'v1', 'v3']",[],[],[],"[['v1', 'c2', 'c3', 'v2', 'c1', 'v3']]","['f1', 'f2']","['f1', 'f2']","['f1', 'f2']",[],[],[],2,2,2,-1,-1,-1,1.04904174804688E-05,1.33514404296875E-05,2.38418579101562E-05,0.000116348266602,0.000110149383545,0.00010871887207
Sec1|Node18_9|Edge8_13,"['f1', 'f2']",1,1,1,1,1,1,1,1,1,1,1,1,"[[1, 'v2'], [2, 'v2', 'v3'], [2, 'v3', 'v1']]",[],[],[],[],[],[],"[['v2', 'c1', 'c3', 'v1', 'v3', 'c2']]","['f1', 'f2']","['f1', 'f2']","['f1', 'f2']","['f1', 'f2']","['f1', 'f2']","['f1', 'f2']",2,2,2,2,2,2,6.91413879394531E-06,8.58306884765625E-06,1.47819519042969E-05,0.00015926361084,0.000144243240356,0.000142574310303
Sec1|Node3_13|Edge1_12,"['f1', 'f2']",1,1,1,0,0,0,0,0,0,2,2,2,"[[1, 'co2'], [2, 'co2', 'co1'], [2, 'co3', 'v1']]","['v1', 'c2', 'co1', 'c4', 'co2', 'c1']","['v1', 'c2', 'co1', 'c4', 'co2', 'c1']","['v1', 'c2', 'co1', 'c4', 'co2', 'c1']",[],[],[],"[['co2', 'c1', 'c4', 'co1', 'c2', 'v1'], ['co3', 'c3']]","['f1', 'fo1', 'f2']","['f1', 'fo1', 'f2']","['f1', 'fo1', 'f2']",[],[],[],4,4,4,-1,-1,-1,8.58306884765625E-06,1.16825103759766E-05,2.6702880859375E-05,0.000241279602051,0.000243902206421,0.000225782394409
Sec1|Node3_13|Edge2_10,"['f1', 'f2']",1,1,1,0,0,0,0,0,0,2,2,2,"[[1, 'co1'], [1, 'v1']]","['co3', 'c1', 'v1']","['co3', 'c1', 'v1']","['co3', 'c1', 'v1']",[],[],[],"[['co1', 'c3'], ['v1', 'c1', 'co3']]","['f1', 'f2']","['f1', 'f2']","['f1', 'f2']",[],[],[],2,2,2,-1,-1,-1,9.29832458496094E-06,1.33514404296875E-05,1.59740447998047E-05,5.29289245605469E-05,4.55379486083984E-05,4.41074371337891E-05
Sec1|Node3_13|Edge3_9,"['f1', 'f2']",1,1,1,1,1,1,1,1,1,1,1,1,"[[2, 'co2', 'co3'], [1, 'co1'], [2, 'co1', 'co2']]","['co3', 'c4', 'v1']","['co3', 'c4', 'v1']","['co3', 'c4', 'v1']","['co3', 'c4', 'v1']","['co3', 'c4', 'v1']","['co3', 'c4', 'v1']","[['co2', 'c2'], ['co3', 'c4', 'v1'], ['co1', 'c3']]","['f1', 'fo1', 'f2']","['f1', 'fo1', 'f2']","['f1', 'fo1', 'f2']","['f1', 'fo1', 'f2']","['f1', 'fo1', 'f2']","['f1', 'fo1', 'f2']",4,4,4,4,4,4,8.82148742675781E-06,1.09672546386719E-05,2.93254852294922E-05,0.000268936157227,0.000264883041382,0.000256061553955
Sec1|Node3_13|Edge4_11,"['f1', 'f2']",1,1,1,1,1,1,1,1,1,1,1,1,"[[1, 'co3'], [2, 'v1', 'co3'], [2, 'co3', 'co2']]","['co2', 'c4', 'v1', 'co1']","['co2', 'c4', 'v1', 'co1']","['co2', 'c4', 'v1', 'co1']","['co2', 'c4', 'v1', 'co1']","['co2', 'c4', 'v1', 'co1']","['co2', 'c4', 'v1', 'co1']","[['co3', 'c1'], ['v1', 'c4', 'co2', 'co1']]","['f1', 'fo1', 'f2']","['f1', 'fo1', 'f2']","['f1', 'fo1', 'f2']","['f1', 'fo1', 'f2']","['f1', 'fo1', 'f2']","['f1', 'fo1', 'f2']",4,4,4,4,4,4,8.34465026855469E-06,1.16825103759766E-05,2.62260437011719E-05,0.000265598297119,0.000253677368164,0.000260353088379
Sec1|Node3_13|Edge5_10,"['f1', 'f2']",1,1,1,1,1,1,1,1,1,1,1,1,"[[2, 'co2', 'co3']]",[],[],[],[],[],[],"[['co2', 'c3', 'v1', 'co3', 'c4']]","['f1', 'f2']","['f1', 'f2']","['f1', 'f2']","['f1', 'f2']","['f1', 'f2']","['f1', 'f2']",2,2,2,2,2,2,8.82148742675781E-06,1.1444091796875E-05,1.47819519042969E-05,7.27176666259766E-05,6.60419464111328E-05,6.4849853515625E-05
Sec1|Node3_13|Edge6_12,"['f1', 'f2']",1,1,1,1,1,1,1,1,1,1,1,1,"[[1, 'co1'], [2, 'co3', 'co2'], [2, 'co3', 'co1']]",[],[],[],[],[],[],"[['co1', 'c3'], ['co3', 'c4'], ['co2', 'c1']]","['f1', 'f2']","['f1', 'f2']","['f1', 'f2']","['f1', 'f2']","['f1', 'f2']","['f1', 'f2']",2,2,2,2,2,2,8.82148742675781E-06,1.40666961669922E-05,1.83582305908203E-05,0.000271320343018,0.000259637832642,0.000258684158325
Sec1|Node3_13|Edge7_13,"['f1', 'f2']",1,1,1,1,1,1,1,1,1,1,1,1,"[[1, 'co1'], [1, 'v1'], [1, 'co3'], [1, 'co2']]",[],[],[],[],[],[],"[['co1', 'c3'], ['v1', 'c1', 'co3'], ['co2', 'c4']]","['f1', 'f2']","['f1', 'f2']","['f1', 'f2']","['f1', 'f2']","['f1', 'f2']","['f1', 'f2']",2,2,2,2,2,2,8.82148742675781E-06,1.38282775878906E-05,1.88350677490234E-05,8.0108642578125E-05,7.46250152587891E-05,7.29560852050781E-05
Sec1|Node3_13|Edge8_13,"['f1', 'f2']",1,1,1,1,1,1,0,0,0,1,1,1,"[[2, 'v1', 'co3'], [2, 'co2', 'co1'], [2, 'co3', 'co1']]","['co2', 'co3', 'c3', 'co1']","['co2', 'co3', 'c3', 'co1']","['co2', 'co3', 'c3', 'co1']","['v1', 'c1', 'c2']","['v1', 'c1', 'c2']","['v1', 'c1', 'c2']","[['v1', 'c1', 'c2'], ['co3', 'c3', 'co1', 'co2']]","['f1', 'f2']","['f1', 'f2']","['f1', 'f2']","['f1', 'f4', 'f2']","['f1', 'f4', 'f2']","['f1', 'f4', 'f2']",2,2,2,4,4,4,9.05990600585938E-06,1.33514404296875E-05,1.83582305908203E-05,0.000333309173584,0.000322580337524,0.000317573547363
Sec1|Node8_11|Edge1_14,"['f1', 'f2']",1,1,1,0,0,0,0,0,0,2,2,2,"[[2, 'v3', 'v5']]","['v2', 'c1', 'v1', 'v3', 'v4', 'v5']","['v2', 'c1', 'v1', 'v3', 'v4', 'v5']","['v2', 'c1', 'v1', 'v3', 'v4', 'v5']",[],[],[],"[['v3', 'c1', 'v4', 'v1', 'v2', 'v5']]","['f1', 'f2']","['f1', 'f2']","['f1', 'f2']",[],[],[],2,2,2,-1,-1,-1,8.58306884765625E-06,1.31130218505859E-05,2.14576721191406E-05,9.51290130615234E-05,9.01222229003906E-05,8.65459442138672E-05
Sec1|Node8_11|Edge2_13,"['f1', 'f2']",1,1,1,1,1,1,1,1,1,1,1,1,"[[2, 'v4', 'v3'], [2, 'v1', 'v2'], [1, 'v3'], [2, 'v1', 'v4'], [2, 'v4', 'v5']]",[],[],[],[],[],[],"[['v4', 'c1', 'v1', 'v2', 'v3', 'v5']]","['f1', 'f2']","['f1', 'f2']","['f1', 'f2']","['f1', 'f2']","['f1', 'f2']","['f1', 'f2']",2,2,2,2,2,2,8.10623168945313E-06,1.23977661132813E-05,2.07424163818359E-05,0.000212430953979,0.000191211700439,0.000190258026123
Sec1|Node8_11|Edge3_14,"['f1', 'f2']",1,1,1,1,1,1,1,1,1,1,1,1,"[[2, 'v2', 'v1'], [1, 'v3'], [2, 'v3', 'v5']]",[],[],[],[],[],[],"[['v2', 'c1', 'v1', 'v3', 'v4', 'v5']]","['f1', 'f2']","['f1', 'f2']","['f1', 'f2']","['f1', 'f2']","['f1', 'f2']","['f1', 'f2']",2,2,2,2,2,2,1.28746032714844E-05,1.76429748535156E-05,2.26497650146484E-05,0.000220537185669,0.000208139419556,0.000205516815186
Sec1|Node8_11|Edge4_17,"['f1', 'f2']",1,1,1,0,0,0,0,0,0,2,2,2,"[[2, 'v2', 'v4'], [2, 'v4', 'v5'], [1, 'v4']]","['v4', 'c1', 'v3', 'v5', 'v1', 'v2']","['v4', 'c1', 'v3', 'v5', 'v1', 'v2']","['v4', 'c1', 'v3', 'v5', 'v1', 'v2']",[],[],[],"[['v2', 'c1', 'v3', 'v5', 'v1', 'v4']]","['f1', 'f2']","['f1', 'f2']","['f1', 'f2']",[],[],[],2,2,2,-1,-1,-1,8.82148742675781E-06,1.21593475341797E-05,1.76429748535156E-05,0.000157356262207,0.000147819519043,0.000151395797729
Sec1|Node8_11|Edge5_15,"['f1', 'f2']",1,1,1,1,1,1,0,0,0,1,1,1,"[[1, 'v2'], [1, 'v3']]","['v4', 'c1', 'v3', 'v5', 'v1', 'v2']","['v4', 'c1', 'v3', 'v5', 'v1', 'v2']","['v4', 'c1', 'v3', 'v5', 'v1', 'v2']",[],[],[],"[['v2', 'c1', 'v1', 'v3', 'v4', 'v5']]","['f1', 'fo1', 'f2']","['f1', 'fo1', 'f2']","['f1', 'fo1', 'f2']","['f1', 'f3', 'f2']","['f1', 'f3', 'f2']","['f1', 'f3', 'f2']",4,4,4,4,4,4,8.58306884765625E-06,1.21593475341797E-05,3.02791595458984E-05,9.17911529541016E-05,8.44001770019531E-05,8.32080841064453E-05
Sec1|Node8_11|Edge6_18,"['f1', 'f2']",1,1,1,1,1,1,0,0,0,1,1,1,"[[2, 'v1', 'v3'], [2, 'v5', 'v2'], [2, 'v5', 'v1'], [1, 'v4']]","['v2', 'v5', 'c1', 'v1', 'v3', 'v4']","['v2', 'v5', 'c1', 'v1', 'v3', 'v4']","['v2', 'v5', 'c1', 'v1', 'v3', 'v4']",[],[],[],"[['v1', 'c1', 'v2', 'v3', 'v4', 'v5']]","['f1', 'f2']","['f1', 'f2']","['f1', 'f2']","['f1', 'fo2', 'f2']","['f1', 'fo2', 'f2']","['f1', 'fo2', 'f2']",2,2,2,4,4,4,8.58306884765625E-06,1.35898590087891E-05,2.09808349609375E-05,0.000208616256714,0.000202655792236,0.000200510025024
Sec1|Node8_11|Edge7_13,"['f1', 'f2']",1,1,1,1,1,1,1,1,1,1,1,1,"[[1, 'v1'], [2, 'v5', 'v3'], [1, 'v2'], [1, 'v3'], [2, 'v4', 'v5']]",[],[],[],[],[],[],"[['v1', 'c1', 'v5', 'v2', 'v3', 'v4']]","['f1', 'fo2', 'f2']","['f1', 'fo2', 'f2']","['f1', 'fo2', 'f2']","['f1', 'fo2', 'f2']","['f1', 'fo2', 'f2']","['f1', 'fo2', 'f2']",4,4,4,4,4,4,8.10623168945313E-06,1.16825103759766E-05,2.59876251220703E-05,0.000191450119019,0.000183343887329,0.000182628631592
Sec1|Node8_11|Edge8_14,"['f1', 'f2']",1,1,1,1,1,1,0,0,0,1,1,1,"[[1, 'v1'], [2, 'v4', 'v1']]","['v5', 'c1', 'v1', 'v2', 'v3', 'v4']","['v5', 'c1', 'v1', 'v2', 'v3', 'v4']","['v5', 'c1', 'v1', 'v2', 'v3', 'v4']",[],[],[],"[['v1', 'c1', 'v2', 'v3', 'v4', 'v5']]","['f1', 'f2']","['f1', 'f2']","['f1', 'f2']","['f1', 'f3', 'f2']","['f1', 'f3', 'f2']","['f1', 'f3', 'f2']",2,2,2,4,4,4,8.58306884765625E-06,1.31130218505859E-05,1.76429748535156E-05,0.000106811523438,0.00010347366333,9.84668731689453E-05
Sec1|Node16_12|Edge1_14,"['f1', 'f2']",1,1,1,1,1,1,1,1,1,1,1,1,"[[1, 'v1'], [1, 'v3'], [2, 'v1', 'co1'], [2, 'co1', 'v2']]",[],[],[],[],[],[],"[['v1', 'c1', 'v2', 'v3', 'co1']]","['f1', 'f2']","['f1', 'f2']","['f1', 'f2']","['f1', 'f2']","['f1', 'f2']","['f1', 'f2']",2,2,2,2,2,2,1.04904174804688E-05,1.50203704833984E-05,1.76429748535156E-05,0.00013256072998,0.000126123428345,0.00012469291687
Sec1|Node16_12|Edge2_15,"['f1', 'f2']",1,1,1,0,0,0,0,0,0,2,2,2,"[[1, 'v2'], [2, 'v3', 'v1'], [2, 'v1', 'v2'], [2, 'co1', 'v3']]","['v3', 'c1', 'co1', 'v1', 'v2']","['v3', 'c1', 'co1', 'v1', 'v2']","['v3', 'c1', 'co1', 'v1', 'v2']",[],[],[],"[['v2', 'c1', 'v1', 'v3', 'co1']]","['f1', 'f4', 'f2']","['f1', 'f4', 'f2']","['f1', 'f4', 'f2']",[],[],[],4,4,4,-1,-1,-1,1.07288360595703E-05,1.64508819580078E-05,2.59876251220703E-05,0.000157594680786,0.000133037567139,0.000185012817383
Sec1|Node16_12|Edge3_13,"['f1', 'f2']",1,1,1,0,0,0,0,0,0,2,2,2,"[[2, 'v2', 'v3'], [2, 'v1', 'v3'], [1, 'co1'], [1, 'v1']]","['v1', 'v2', 'c1', 'co1', 'v3']","['v1', 'v2', 'c1', 'co1', 'v3']","['v1', 'v2', 'c1', 'co1', 'v3']",[],[],[],"[['v2', 'c1', 'co1', 'v1', 'v3']]","['f1', 'fo1', 'f2']","['f1', 'fo1', 'f2']","['f1', 'fo1', 'f2']",[],[],[],4,4,4,-1,-1,-1,9.77516174316406E-06,1.35898590087891E-05,3.17096710205078E-05,0.000128746032715,0.000120878219604,0.000120162963867
Sec1|Node16_12|Edge4_11,"['f1', 'f2']",1,1,1,1,1,1,1,1,1,1,1,1,"[[1, 'v1'], [2, 'v3', 'co1'], [2, 'v1', 'v2'], [2, 'v2', 'v3']]",[],[],[],[],[],[],"[['v1', 'c1', 'v2', 'v3', 'co1']]","['f1', 'fo1', 'f2']","['f1', 'fo1', 'f2']","['f1', 'fo1', 'f2']","['f1', 'fo1', 'f2']","['f1', 'fo1', 'f2']","['f1', 'fo1', 'f2']",4,4,4,4,4,4,1.04904174804688E-05,1.38282775878906E-05,2.62260437011719E-05,0.000144004821777,0.000136613845825,0.000135898590088
Sec1|Node16_12|Edge5_15,"['f1', 'f2']",1,1,1,0,0,0,0,0,0,2,2,2,"[[1, 'v1']]","['v1', 'v3', 'co1', 'v2', 'c1']","['v1', 'v3', 'co1', 'v2', 'c1']","['v1', 'v3', 'co1', 'v2', 'c1']",[],[],[],"[['v1', 'c1', 'co1', 'v2', 'v3']]","['f1', 'f3', 'fo1', 'f6', 'f2']","['f1', 'f3', 'fo1', 'f6', 'f2']","['f1', 'f3', 'fo1', 'f6', 'f2']",[],[],[],8,8,8,-1,-1,-1,1.04904174804688E-05,1.38282775878906E-05,4.05311584472656E-05,5.62667846679688E-05,5.00679016113281E-05,5.26905059814453E-05
Sec1|Node16_12|Edge6_13,"['f1', 'f2']",1,1,1,1,1,1,0,0,0,1,1,1,"[[2, 'co1', 'v2'], [1, 'co1'], [2, 'v1', 'v3']]","['co1', 'c1', 'v1', 'v2', 'v3']","['co1', 'c1', 'v1', 'v2', 'v3']","['co1', 'c1', 'v1', 'v2', 'v3']",[],[],[],"[['co1', 'c1', 'v1', 'v2', 'v3']]","['f1', 'f4', 'fo1', 'f2']","['f1', 'f4', 'fo1', 'f2']","['f1', 'f4', 'fo1', 'f2']","['f1', 'f3', 'f4', 'fo1', 'f2']","['f1', 'f3', 'f4', 'fo1', 'f2']","['f1', 'f3', 'f4', 'fo1', 'f2']",6,6,6,8,8,8,1.00135803222656E-05,1.38282775878906E-05,3.814697265625E-05,0.000137567520142,0.000131130218506,0.000129699707031
Sec1|Node16_12|Edge7_13,"['f1', 'f2']",1,1,1,0,0,0,0,0,0,2,2,2,"[[2, 'v3', 'v1'], [2, 'co1', 'v3']]","['co1', 'v1', 'c1', 'v2', 'v3']","['co1', 'v1', 'c1', 'v2', 'v3']","['co1', 'v1', 'c1', 'v2', 'v3']",[],[],[],"[['v3', 'c1', 'v1', 'v2', 'co1']]","['f1', 'fo1', 'f2']","['f1', 'fo1', 'f2']","['f1', 'fo1', 'f2']",[],[],[],4,4,4,-1,-1,-1,1.02519989013672E-05,1.45435333251953E-05,2.83718109130859E-05,9.34600830078125E-05,9.32216644287109E-05,8.392333984375E-05
Sec1|Node16_12|Edge8_14,"['f1', 'f2']",1,1,1,1,1,1,1,1,1,1,1,1,"[[1, 'co1'], [2, 'v2', 'v3']]",[],[],[],[],[],[],"[['co1', 'c1', 'v1', 'v2', 'v3']]","['f1', 'f2']","['f1', 'f2']","['f1', 'f2']","['f1', 'f2']","['f1', 'f2']","['f1', 'f2']",2,2,2,2,2,2,1.00135803222656E-05,1.40666961669922E-05,1.76429748535156E-05,8.86917114257813E-05,8.46385955810547E-05,8.13007354736328E-05
Sec1|Node5_8|Edge1_11,"['f1', 'f2']",1,1,1,1,1,1,1,1,1,1,1,1,"[[2, 'v1', 'v3'], [2, 'v2', 'v1']]",[],[],[],[],[],[],"[['v1', 'c1', 'v2', 'v3']]","['f1', 'f2']","['f1', 'f2']","['f1', 'f2']","['f1', 'f2']","['f1', 'f2']","['f1', 'f2']",2,2,2,2,2,2,7.62939453125E-06,1.09672546386719E-05,1.78813934326172E-05,8.70227813720703E-05,8.17775726318359E-05,7.98702239990234E-05
Sec1|Node5_8|Edge2_9,"['f1', 'f2']",1,1,1,1,1,1,0,0,0,1,1,1,"[[1, 'v2'], [1, 'v1'], [1, 'v3']]","['v1', 'v2', 'c1', 'v3']","['v1', 'v2', 'c1', 'v3']","['v1', 'v2', 'c1', 'v3']",[],[],[],"[['v2', 'c1', 'v1', 'v3']]","['f1', 'f2']","['f1', 'f2']","['f1', 'f2']","['f1', 'fo1', 'f2']","['f1', 'fo1', 'f2']","['f1', 'fo1', 'f2']",2,2,2,4,4,4,7.62939453125E-06,1.09672546386719E-05,1.76429748535156E-05,7.96318054199219E-05,7.43865966796875E-05,7.31945037841797E-05
Sec1|Node5_8|Edge3_9,"['f1', 'f2']",1,1,1,0,0,0,0,0,0,2,2,2,"[[1, 'v3']]","['v1', 'v2', 'c1', 'v3']","['v1', 'v2', 'c1', 'v3']","['v1', 'v2', 'c1', 'v3']",[],[],[],"[['v3', 'c1', 'v2', 'v1']]","['f1', 'fo2', 'f2']","['f1', 'fo2', 'f2']","['f1', 'fo2', 'f2']",[],[],[],4,4,4,-1,-1,-1,7.39097595214844E-06,9.5367431640625E-06,2.45571136474609E-05,4.9591064453125E-05,4.57763671875E-05,4.60147857666016E-05
Sec1|Node5_8|Edge4_7,"['f1', 'f2']",1,1,1,0,0,0,0,0,0,2,2,2,"[[2, 'v1', 'v2'], [1, 'v1'], [2, 'v3', 'v2']]","['v2', 'v3', 'c1', 'v1']","['v2', 'v3', 'c1', 'v1']","['v2', 'v3', 'c1', 'v1']",[],[],[],"[['v1', 'c1', 'v2', 'v3']]","['f1', 'f2']","['f1', 'f2']","['f1', 'f2']",[],[],[],2,2,2,-1,-1,-1,7.62939453125E-06,1.00135803222656E-05,1.45435333251953E-05,8.65459442138672E-05,7.46250152587891E-05,7.34329223632812E-05
Sec1|Node5_8|Edge5_8,"['f1', 'f2']",1,1,1,1,1,1,1,1,1,1,1,1,"[[2, 'v3', 'v1'], [2, 'v1', 'v2'], [1, 'v2']]",[],[],[],[],[],[],"[['v3', 'c1', 'v1', 'v2']]","['f1', 'fo2', 'f2']","['f1', 'fo2', 'f2']","['f1', 'fo2', 'f2']","['f1', 'fo2', 'f2']","['f1', 'fo2', 'f2']","['f1', 'fo2', 'f2']",4,4,4,4,4,4,8.34465026855469E-06,1.07288360595703E-05,2.21729278564453E-05,9.60826873779297E-05,8.82148742675781E-05,8.70227813720703E-05
Sec1|Node5_8|Edge6_8,"['f1', 'f2']",1,1,1,0,0,0,0,0,0,2,2,2,"[[2, 'v1', 'v2'], [1, 'v1'], [2, 'v3', 'v2']]","['v3', 'c1', 'v1', 'v2']","['v3', 'c1', 'v1', 'v2']","['v3', 'c1', 'v1', 'v2']",[],[],[],"[['v1', 'c1', 'v2', 'v3']]","['f1', 'f2']","['f1', 'f2']","['f1', 'f2']",[],[],[],2,2,2,-1,-1,-1,7.62939453125E-06,1.04904174804688E-05,1.45435333251953E-05,8.08238983154297E-05,7.31945037841797E-05,7.22408294677734E-05
Sec1|Node5_8|Edge7_9,"['f1', 'f2']",1,1,1,0,0,0,0,0,0,2,2,2,"[[2, 'v1', 'v2']]","['v2', 'c1', 'v1', 'v3']","['v2', 'c1', 'v1', 'v3']","['v2', 'c1', 'v1', 'v3']",[],[],[],"[['v1', 'c1', 'v2', 'v3']]","['f1', 'f2']","['f1', 'f2']","['f1', 'f2']",[],[],[],2,2,2,-1,-1,-1,7.86781311035156E-06,1.07288360595703E-05,1.50203704833984E-05,5.36441802978516E-05,4.72068786621094E-05,4.57763671875E-05
Sec1|Node5_8|Edge8_10,"['f1', 'f2']",1,1,1,1,1,1,1,1,1,1,1,1,"[[2, 'v1', 'v2']]",[],[],[],[],[],[],"[['v1', 'c1', 'v2', 'v3']]","['f1', 'f2']","['f1', 'f2']","['f1', 'f2']","['f1', 'f2']","['f1', 'f2']","['f1', 'f2']",2,2,2,2,2,2,7.62939453125E-06,1.09672546386719E-05,1.83582305908203E-05,6.65187835693359E-05,6.07967376708984E-05,0.000112771987915
Sec1|Node19_13|Edge1_12,"['f1', 'f2']",1,1,1,0,0,0,0,0,0,2,2,2,"[[2, 'v1', 'v3'], [2, 'v2', 'v3'], [1, 'v1']]","['v3', 'c1', 'v1', 'v2']","['v3', 'c1', 'v1', 'v2']","['v3', 'c1', 'v1', 'v2']",[],[],[],"[['v1', 'c1', 'v2', 'v3']]","['f1', 'fo1', 'f2']","['f1', 'fo1', 'f2']","['f1', 'fo1', 'f2']",[],[],[],4,4,4,-1,-1,-1,1.04904174804688E-05,1.45435333251953E-05,3.12328338623047E-05,9.65595245361328E-05,8.89301300048828E-05,8.7738037109375E-05
Sec1|Node19_13|Edge2_14,"['f1', 'f2']",1,1,1,0,0,0,0,0,0,2,2,2,"[[2, 'v2', 'v3'], [2, 'v2', 'v1']]","['v2', 'c1', 'c2', 'v3', 'v1']","['v2', 'c1', 'c2', 'v3', 'v1']","['v2', 'c1', 'c2', 'v3', 'v1']",[],[],[],"[['v2', 'c1', 'c2', 'v3', 'v1']]","['f1', 'f6', 'f3', 'f2']","['f1', 'f6', 'f3', 'f2']","['f1', 'f6', 'f3', 'f2']",[],[],[],6,6,6,-1,-1,-1,1.07288360595703E-05,1.45435333251953E-05,3.4332275390625E-05,0.000133514404297,0.000122785568237,0.000120639801025
Sec1|Node19_13|Edge3_13,"['f1', 'f2']",1,1,1,0,0,0,0,0,0,2,2,2,"[[1, 'v3']]","['v2', 'c1', 'c2', 'v1', 'v3']","['v2', 'c1', 'c2', 'v1', 'v3']","['v1', 'v3', 'v2', 'c1', 'c2']",[],[],[],"[['v3', 'c1', 'v1', 'v2', 'c2']]","['f1', 'fo2', 'fo1', 'f2']","['f1', 'fo2', 'fo1', 'f2']","['f1', 'f3', 'fo1', 'f2']",[],[],[],6,6,6,-1,-1,-1,1.07288360595703E-05,1.47819519042969E-05,3.76701354980469E-05,8.13007354736328E-05,7.53402709960937E-05,7.46250152587891E-05
Sec1|Node19_13|Edge4_12,"['f1', 'f2']",1,1,1,0,0,0,0,0,0,2,2,2,"[[2, 'v3', 'v1'], [1, 'v3']]","['v2', 'c1', 'v1', 'v3']","['v2', 'c1', 'v1', 'v3']","['v2', 'c1', 'v1', 'v3']",[],[],[],"[['v3', 'c1', 'v1', 'v2']]","['f1', 'f6', 'f2']","['f1', 'f6', 'f2']","['f1', 'f6', 'f2']",[],[],[],4,4,4,-1,-1,-1,1.12056732177734E-05,1.54972076416016E-05,2.59876251220703E-05,8.27312469482422E-05,7.58171081542969E-05,0.000180721282959
Sec1|Node19_13|Edge5_14,"['f1', 'f2']",1,1,1,0,0,0,0,0,0,2,2,2,"[[2, 'v3', 'v2'], [1, 'v3']]","['v1', 'v3', 'c1', 'c2', 'v2']","['v1', 'v3', 'c1', 'c2', 'v2']","['v1', 'v3', 'c1', 'c2', 'v2']",[],[],[],"[['v3', 'c1', 'v1', 'v2', 'c2']]","['f1', 'f5', 'fo2', 'f2']","['f1', 'f5', 'fo2', 'f2']","['f1', 'f5', 'fo2', 'f2']",[],[],[],6,6,6,-1,-1,-1,1.07288360595703E-05,1.50203704833984E-05,3.31401824951172E-05,8.58306884765625E-05,7.74860382080078E-05,7.58171081542969E-05
Sec1|Node19_13|Edge6_13,"['f1', 'f2']",1,1,1,1,1,1,1,1,1,1,1,1,"[[1, 'v2'], [1, 'v1']]",[],[],[],[],[],[],"[['v2', 'c1', 'v3'], ['v1', 'c2']]","['f1', 'f5', 'f4', 'f2']","['f1', 'f5', 'f4', 'f2']","['f1', 'f5', 'f4', 'f2']","['f1', 'f5', 'f4', 'f2']","['f1', 'f5', 'f4', 'f2']","['f1', 'f5', 'f4', 'f2']",6,6,6,6,6,6,1.04904174804688E-05,1.54972076416016E-05,4.22000885009766E-05,8.82148742675781E-05,8.0108642578125E-05,7.96318054199219E-05
Sec1|Node19_13|Edge7_13,"['f1', 'f2']",1,1,1,1,1,1,1,1,1,1,1,1,"[[1, 'v1']]",[],[],[],[],[],[],"[['v1', 'c2', 'v2', 'v3', 'c1']]","['f1', 'f2']","['f1', 'f2']","['f1', 'f2']","['f1', 'f2']","['f1', 'f2']","['f1', 'f2']",2,2,2,2,2,2,1.07288360595703E-05,1.62124633789062E-05,2.38418579101562E-05,6.74724578857422E-05,6.22272491455078E-05,6.103515625E-05
Sec1|Node19_13|Edge8_14,"['f1', 'f2']",1,1,1,1,1,1,1,1,1,1,1,1,"[[1, 'v2']]",[],[],[],[],[],[],"[['v2', 'c1', 'v1']]","['f1', 'f2']","['f1', 'f2']","['f1', 'f2']","['f1', 'f2']","['f1', 'f2']","['f1', 'f2']",2,2,2,2,2,2,1.07288360595703E-05,1.66893005371094E-05,1.76429748535156E-05,5.93662261962891E-05,5.38825988769531E-05,5.26905059814453E-05
Sec1|Node7_9|Edge1_8,"['f1', 'f2']",1,1,1,0,0,0,0,0,0,2,2,2,"[[1, 'v3'], [1, 'v2']]","['v1', 'v2', 'c2', 'v3', 'co1', 'c1']","['v1', 'v2', 'c2', 'v3', 'co1', 'c1']","['v1', 'v2', 'c2', 'v3', 'co1', 'c1']",[],[],[],"[['v3', 'c2', 'v1', 'v2', 'co1', 'c1']]","['f1', 'f2']","['f1', 'f2']","['f1', 'f2']",[],[],[],2,2,2,-1,-1,-1,6.43730163574219E-06,8.58306884765625E-06,2.88486480712891E-05,6.24656677246094E-05,5.45978546142578E-05,5.36441802978516E-05
Sec1|Node7_9|Edge2_10,"['f1', 'f2']",1,1,1,0,0,0,0,0,0,2,2,2,"[[1, 'v3'], [2, 'v1', 'v2']]","['v1', 'v2', 'co1', 'c1', 'c2', 'v3']","['v1', 'v2', 'co1', 'c1', 'c2', 'v3']","['v1', 'v2', 'co1', 'c1', 'c2', 'v3']",[],[],[],"[['v3', 'c1', 'v1', 'co1', 'c2', 'v2']]","['f1', 'f2']","['f1', 'f2']","['f1', 'f2']",[],[],[],2,2,2,-1,-1,-1,6.67572021484375E-06,8.58306884765625E-06,1.47819519042969E-05,9.1552734375E-05,8.20159912109375E-05,8.05854797363281E-05
Sec1|Node7_9|Edge3_14,"['f1', 'f2']",1,1,1,0,0,0,0,0,0,2,2,2,"[[1, 'co1'], [2, 'co1', 'v2'], [1, 'v3'], [1, 'v2']]","['v3', 'c2', 'v1', 'co1', 'v2', 'c1']","['v3', 'c2', 'v1', 'co1', 'v2', 'c1']","['v3', 'c2', 'v1', 'co1', 'v2', 'c1']",[],[],[],"[['co1', 'c1', 'c2', 'v1', 'v2', 'v3']]","['f1', 'f2']","['f1', 'f2']","['f1', 'f2']",[],[],[],2,2,2,-1,-1,-1,6.91413879394531E-06,8.58306884765625E-06,1.45435333251953E-05,0.00015115737915,0.000142335891724,0.000140190124512
Sec1|Node7_9|Edge4_12,"['f1', 'f2']",1,1,1,1,1,1,1,1,1,1,1,1,"[[1, 'v3'], [2, 'co1', 'v2']]",[],[],[],[],[],[],"[['v3', 'c2', 'v2', 'co1', 'v1', 'c1']]","['f1', 'f2']","['f1', 'f2']","['f1', 'f2']","['f1', 'f2']","['f1', 'f2']","['f1', 'f2']",2,2,2,2,2,2,7.15255737304688E-06,8.82148742675781E-06,1.52587890625E-05,9.96589660644531E-05,0.000101566314697,9.25064086914063E-05
Sec1|Node7_9|Edge5_13,"['f1', 'f2']",1,1,1,0,0,0,0,0,0,2,2,2,"[[1, 'co1'], [2, 'v1', 'v2'], [2, 'v2', 'v3'], [1, 'v3']]","['v1', 'c1', 'c2', 'v2', 'v3', 'co1']","['v1', 'c1', 'c2', 'v2', 'v3', 'co1']","['v1', 'c1', 'c2', 'v2', 'v3', 'co1']",[],[],[],"[['co1', 'c1', 'c2', 'v1', 'v2', 'v3']]","['f1', 'f2']","['f1', 'f2']","['f1', 'f2']",[],[],[],2,2,2,-1,-1,-1,6.43730163574219E-06,8.58306884765625E-06,1.45435333251953E-05,0.000170469284058,0.000163555145264,0.000161409378052
Sec1|Node7_9|Edge6_9,"['f1', 'f2']",1,1,1,0,0,0,0,0,0,2,2,2,"[[2, 'v2', 'co1']]","['v1', 'v2', 'c2', 'c1', 'v3', 'co1']","['v1', 'v2', 'c2', 'c1', 'v3', 'co1']","['v1', 'v2', 'c2', 'c1', 'v3', 'co1']",[],[],[],"[['v2', 'c1', 'v3', 'co1', 'c2', 'v1']]","['f1', 'f2']","['f1', 'f2']","['f1', 'f2']",[],[],[],2,2,2,-1,-1,-1,6.67572021484375E-06,8.34465026855469E-06,1.52587890625E-05,6.72340393066406E-05,5.96046447753906E-05,5.88893890380859E-05
Sec1|Node7_9|Edge7_11,"['f1', 'f2']",1,1,1,0,0,0,0,0,0,2,2,2,"[[1, 'v2'], [2, 'co1', 'v1']]","['co1', 'c1', 'c2', 'v1', 'v3', 'v2']","['co1', 'c1', 'c2', 'v1', 'v3', 'v2']","['co1', 'c1', 'c2', 'v1', 'v3', 'v2']",[],[],[],"[['v2', 'c1', 'c2', 'co1', 'v1', 'v3']]","['f1', 'f2']","['f1', 'f2']","['f1', 'f2']",[],[],[],2,2,2,-1,-1,-1,7.15255737304688E-06,9.05990600585938E-06,1.47819519042969E-05,9.17911529541016E-05,8.48770141601563E-05,8.24928283691406E-05
Sec1|Node7_9|Edge8_15,"['f1', 'f2']",1,1,1,0,0,0,0,0,0,2,2,2,"[[2, 'v3', 'v2']]","['v1', 'c1', 'v2', 'v3', 'co1', 'c2']","['v1', 'c1', 'v2', 'v3', 'co1', 'c2']","['v1', 'c1', 'v2', 'v3', 'co1', 'c2']",[],[],[],"[['v3', 'c1', 'c2', 'v1', 'v2', 'co1']]","['f1', 'f2']","['f1', 'f2']","['f1', 'f2']",[],[],[],2,2,2,-1,-1,-1,6.91413879394531E-06,8.82148742675781E-06,1.47819519042969E-05,8.05854797363281E-05,7.20024108886719E-05,7.05718994140625E-05
Sec1|Node4_8|Edge1_9,"['f1', 'f2']",1,1,1,0,0,0,0,0,0,2,2,2,"[[1, 'v1']]","['v2', 'v1', 'c1', 'co1']","['v2', 'v1', 'c1', 'co1']","['co1', 'c1', 'v1', 'v2']",[],[],[],"[['v1', 'c1', 'co1', 'v2']]","['f1', 'fo2', 'f2']","['f1', 'fo2', 'f2']","['f1', 'fo1', 'f2']",[],[],[],4,4,4,-1,-1,-1,7.62939453125E-06,1.07288360595703E-05,2.64644622802734E-05,4.24385070800781E-05,3.52859497070312E-05,3.38554382324219E-05
Sec1|Node4_8|Edge2_8,"['f1', 'f2']",1,1,1,0,0,0,0,0,0,2,2,2,"[[2, 'v1', 'co1'], [1, 'v1']]","['v2', 'co1', 'c1', 'v1']","['v2', 'co1', 'c1', 'v1']","['v2', 'co1', 'c1', 'v1']",[],[],[],"[['v1', 'c1', 'co1', 'v2']]","['f1', 'fo2', 'f2']","['f1', 'fo2', 'f2']","['f1', 'fo2', 'f2']",[],[],[],4,4,4,-1,-1,-1,7.62939453125E-06,9.77516174316406E-06,2.31266021728516E-05,0.000199794769287,5.65052032470703E-05,5.53131103515625E-05
Sec1|Node4_8|Edge3_11,"['f1', 'f2']",1,1,1,1,1,1,0,0,0,1,1,1,"[[2, 'v1', 'co1']]","['co1', 'c1', 'v1', 'v2']","['co1', 'c1', 'v1', 'v2']","['co1', 'c1', 'v1', 'v2']",[],[],[],"[['v1', 'c1', 'v2', 'co1']]","['f1', 'f2']","['f1', 'f2']","['f1', 'f2']","['f1', 'fo1', 'f2']","['f1', 'fo1', 'f2']","['f1', 'fo1', 'f2']",2,2,2,4,4,4,1.35898590087891E-05,1.97887420654297E-05,3.21865081787109E-05,0.00012731552124,0.000113964080811,0.000111103057861
Sec1|Node4_8|Edge4_7,"['f1', 'f2']",1,1,1,0,0,0,0,0,0,2,2,2,"[[2, 'co1', 'v1'], [1, 'co1']]","['v1', 'co1', 'c1', 'v2']","['v1', 'co1', 'c1', 'v2']","['v1', 'co1', 'c1', 'v2']",[],[],[],"[['co1', 'c1', 'v1', 'v2']]","['f1', 'fo1', 'f2']","['f1', 'fo1', 'f2']","['f1', 'fo1', 'f2']",[],[],[],4,4,4,-1,-1,-1,1.45435333251953E-05,1.81198120117187E-05,4.02927398681641E-05,0.000110864639282,9.82284545898438E-05,8.10623168945313E-05
Sec1|Node4_8|Edge5_9,"['f1', 'f2']",1,1,1,1,1,1,0,0,0,1,1,1,"[[1, 'v1']]","['co1', 'c1', 'v1', 'v2']","['co1', 'c1', 'v1', 'v2']","['co1', 'c1', 'v1', 'v2']",[],[],[],"[['v1', 'c1', 'v2', 'co1']]","['f1', 'f2']","['f1', 'f2']","['f1', 'f2']","['f1', 'fo1', 'f2']","['f1', 'fo1', 'f2']","['f1', 'fo1', 'f2']",2,2,2,4,4,4,7.86781311035156E-06,1.12056732177734E-05,1.78813934326172E-05,5.79357147216797E-05,5.22136688232422E-05,5.14984130859375E-05
Sec1|Node4_8|Edge6_10,"['f1', 'f2']",1,1,1,1,1,1,1,1,1,1,1,1,"[[1, 'v1'], [1, 'v2'], [1, 'co1']]",[],[],[],[],[],[],"[['v1', 'c1', 'v2', 'co1']]","['f1', 'f2']","['f1', 'f2']","['f1', 'f2']","['f1', 'f2']","['f1', 'f2']","['f1', 'f2']",2,2,2,2,2,2,7.86781311035156E-06,1.09672546386719E-05,1.81198120117187E-05,7.15255737304687E-05,6.62803649902344E-05,6.46114349365234E-05
Sec1|Node4_8|Edge7_10,"['f1', 'f2']",1,1,1,1,1,1,1,1,1,1,1,1,"[[2, 'co1', 'v1']]",[],[],[],[],[],[],"[['co1', 'c1', 'v1', 'v2']]","['f1', 'f2']","['f1', 'f2']","['f1', 'f2']","['f1', 'f2']","['f1', 'f2']","['f1', 'f2']",2,2,2,2,2,2,1.71661376953125E-05,2.45571136474609E-05,4.17232513427734E-05,0.000141859054565,0.000127553939819,0.000124931335449
Sec1|Node4_8|Edge8_8,"['f1', 'f2']",1,1,1,1,1,1,1,1,0,1,1,1,"[[1, 'co1']]",[],[],"['co1', 'v2', 'c1', 'v1']",[],[],[],"[['co1', 'c1', 'v1', 'v2']]","['f1', 'fo2', 'f2']","['f1', 'fo2', 'f2']","['f1', 'fo1', 'f2']","['f1', 'fo2', 'f2']","['f1', 'fo2', 'f2']","['f1', 'fo2', 'f2']",4,4,4,4,4,4,7.62939453125E-06,1.04904174804688E-05,2.50339508056641E-05,5.03063201904297E-05,4.50611114501953E-05,4.41074371337891E-05
Sec1|Node23_9|Edge1_11,"['f1', 'f2']",1,1,1,0,0,0,0,0,0,2,2,2,"[[1, 'co1'], [1, 'v1'], [1, 'co3']]","['v1', 'c2', 'co2', 'co3', 'co1', 'c1']","['v1', 'c2', 'co2', 'co3', 'co1', 'c1']","['v1', 'c2', 'co2', 'co3', 'co1', 'c1']",[],[],[],"[['co1', 'c1', 'c2', 'co2', 'co3', 'v1']]","['f1', 'f2']","['f1', 'f2']","['f1', 'f2']",[],[],[],2,2,2,-1,-1,-1,6.91413879394531E-06,8.58306884765625E-06,1.45435333251953E-05,8.98838043212891E-05,8.17775726318359E-05,8.08238983154297E-05
Sec1|Node23_9|Edge2_16,"['f1', 'f2']",1,1,1,1,1,1,1,1,1,1,1,1,"[[2, 'co1', 'v1'], [2, 'co3', 'co1'], [2, 'v1', 'co2']]",[],[],[],[],[],[],"[['co1', 'c1', 'c2', 'v1', 'co2', 'co3']]","['f1', 'f2']","['f1', 'f2']","['f1', 'f2']","['f1', 'f2']","['f1', 'f2']","['f1', 'f2']",2,2,2,2,2,2,6.19888305664063E-06,8.58306884765625E-06,1.43051147460938E-05,0.000185251235962,0.000176906585693,0.000189065933228
Sec1|Node23_9|Edge3_13,"['f1', 'f2']",1,1,1,0,0,0,0,0,0,2,2,2,"[[2, 'co3', 'co2'], [1, 'co1'], [1, 'v1']]","['co1', 'co3', 'c2', 'v1', 'c1', 'co2']","['co1', 'co3', 'c2', 'v1', 'c1', 'co2']","['co1', 'co3', 'c2', 'v1', 'c1', 'co2']",[],[],[],"[['co3', 'c1', 'c2', 'v1', 'co2', 'co1']]","['f1', 'f2']","['f1', 'f2']","['f1', 'f2']",[],[],[],2,2,2,-1,-1,-1,6.91413879394531E-06,8.58306884765625E-06,1.43051147460938E-05,0.000117301940918,0.000121593475342,0.000108957290649
Sec1|Node23_9|Edge4_12,"['f1', 'f2']",1,1,1,0,0,0,0,0,0,2,2,2,"[[1, 'co2'], [1, 'co3'], [2, 'co2', 'co3'], [1, 'co1']]","['v1', 'c1', 'c2', 'co1', 'co2', 'co3']","['v1', 'c1', 'c2', 'co1', 'co2', 'co3']","['v1', 'c1', 'c2', 'co1', 'co2', 'co3']",[],[],[],"[['co2', 'c1', 'co3', 'v1', 'co1', 'c2']]","['f1', 'f2']","['f1', 'f2']","['f1', 'f2']",[],[],[],2,2,2,-1,-1,-1,6.91413879394531E-06,8.58306884765625E-06,1.50203704833984E-05,0.000142335891724,0.000134706497192,0.00013256072998
Sec1|Node23_9|Edge5_15,"['f1', 'f2']",1,1,1,0,0,0,0,0,0,2,2,2,"[[2, 'co3', 'co1'], [2, 'co1', 'co2'], [2, 'co2', 'v1']]","['co2', 'c1', 'c2', 'v1', 'co3', 'co1']","['co2', 'c1', 'c2', 'v1', 'co3', 'co1']","['co2', 'c1', 'c2', 'v1', 'co3', 'co1']",[],[],[],"[['co3', 'c1', 'c2', 'v1', 'co2', 'co1']]","['f1', 'f2']","['f1', 'f2']","['f1', 'f2']",[],[],[],2,2,2,-1,-1,-1,6.67572021484375E-06,8.58306884765625E-06,1.45435333251953E-05,0.000174999237061,0.000166416168213,0.000165939331055
Sec1|Node23_9|Edge6_10,"['f1', 'f2']",1,1,1,0,0,0,0,0,0,2,2,2,"[[2, 'co1', 'co2'], [2, 'co3', 'co1']]","['co2', 'c2', 'v1', 'co1', 'c1', 'co3']","['co2', 'c2', 'v1', 'co1', 'c1', 'co3']","['co2', 'c2', 'v1', 'co1', 'c1', 'co3']",[],[],[],"[['co1', 'c2', 'v1', 'co2', 'c1', 'co3']]","['f1', 'f2']","['f1', 'f2']","['f1', 'f2']",[],[],[],2,2,2,-1,-1,-1,6.91413879394531E-06,8.82148742675781E-06,1.45435333251953E-05,0.00011157989502,0.000103235244751,0.000101566314697
Sec1|Node23_9|Edge7_7,"['f1', 'f2']",1,1,1,1,1,1,1,1,1,1,1,1,"[[2, 'v1', 'co2']]","['v1', 'c2']","['v1', 'c2']","['v1', 'c2']","['v1', 'c2']","['v1', 'c2']","['v1', 'c2']","[['v1', 'c2'], ['co2', 'c1', 'co1', 'co3']]","['f1', 'f2']","['f1', 'f2']","['f1', 'f2']","['f1', 'f2']","['f1', 'f2']","['f1', 'f2']",2,2,2,2,2,2,6.67572021484375E-06,8.82148742675781E-06,1.45435333251953E-05,0.000169515609741,0.000159502029419,0.000157356262207
Sec1|Node23_9|Edge8_8,"['f1', 'f2']",1,1,1,0,0,0,0,0,0,2,2,2,"[[2, 'co1', 'v1'], [1, 'co2']]","['v1', 'co2', 'c1', 'c2', 'co1', 'co3']","['v1', 'co2', 'c1', 'c2', 'co1', 'co3']","['v1', 'co2', 'c1', 'c2', 'co1', 'co3']",[],[],[],"[['co1', 'c1', 'v1', 'co3', 'c2', 'co2']]","['f1', 'f2']","['f1', 'f2']","['f1', 'f2']",[],[],[],2,2,2,-1,-1,-1,6.67572021484375E-06,8.34465026855469E-06,1.45435333251953E-05,8.32080841064453E-05,7.62939453125E-05,7.53402709960937E-05
Sec1|Node13_13|Edge1_13,"['f1', 'f2']",1,1,1,1,1,1,1,1,1,1,1,1,"[[1, 'v1'], [2, 'co1', 'v4'], [2, 'v4', 'v5']]",[],[],[],[],[],[],"[['v1', 'c1', 'c2', 'v4', 'co1', 'v3', 'v5', 'c3', 'v2']]","['f1', 'f2']","['f1', 'f2']","['f1', 'f2']","['f1', 'f2']","['f1', 'f2']","['f1', 'f2']",2,2,2,2,2,2,7.86781311035156E-06,9.77516174316406E-06,1.52587890625E-05,0.000209093093872,0.00020170211792,0.000199317932129
Sec1|Node13_13|Edge2_10,"['f1', 'f2']",1,1,1,1,1,1,1,1,1,1,1,1,"[[1, 'co1'], [1, 'v2']]","['v3', 'c3']","['v3', 'c3']","['v3', 'c3']","['v3', 'c3']","['v3', 'c3']","['v3', 'c3']","[['co1', 'c2', 'v2']]","['f1', 'f2']","['f1', 'f2']","['f1', 'f2']","['f1', 'f2']","['f1', 'f2']","['f1', 'f2']",2,2,2,2,2,2,7.39097595214844E-06,9.77516174316406E-06,1.47819519042969E-05,5.74588775634766E-05,5.22136688232422E-05,5.12599945068359E-05
Sec1|Node13_13|Edge3_14,"['f1', 'f2']",1,1,1,0,0,0,0,0,0,2,2,2,"[[1, 'v3'], [2, 'v4', 'v1'], [1, 'v4'], [1, 'v2']]","['v3', 'v4', 'co1', 'c2', 'c3', 'c1', 'v2', 'v1', 'v5']","['v3', 'v4', 'co1', 'c2', 'c3', 'c1', 'v2', 'v1', 'v5']","['v3', 'v4', 'co1', 'c2', 'c3', 'c1', 'v2', 'v1', 'v5']",[],[],[],"[['v3', 'c2', 'co1', 'v2', 'c1', 'v1', 'v5'], ['v4', 'c3']]","['f1', 'f2']","['f1', 'f2']","['f1', 'f2']",[],[],[],2,2,2,-1,-1,-1,7.39097595214844E-06,1.09672546386719E-05,1.74045562744141E-05,0.000252485275269,0.00024151802063,0.000239849090576
Sec1|Node13_13|Edge4_12,"['f1', 'f2']",1,1,1,0,0,0,0,0,0,2,2,2,"[[1, 'v2'], [1, 'v4'], [1, 'v3'], [2, 'v1', 'co1'], [1, 'co1'], [2, 'v5', 'co1']]","['v1', 'v3', 'v4', 'c1', 'c3', 'v2', 'co1', 'c2', 'v5']","['v1', 'v3', 'v4', 'c1', 'c3', 'v2', 'co1', 'c2', 'v5']","['v1', 'v3', 'v4', 'c1', 'c3', 'v2', 'co1', 'c2', 'v5']",[],[],[],"[['v2', 'c1', 'v1', 'v3', 'v4', 'c3', 'co1', 'c2', 'v5']]","['f1', 'f2']","['f1', 'f2']","['f1', 'f2']",[],[],[],2,2,2,-1,-1,-1,7.62939453125E-06,1.00135803222656E-05,1.45435333251953E-05,0.000309705734253,0.00030517578125,0.000297546386719
Sec1|Node13_13|Edge5_14,"['f1', 'f2']",1,1,1,0,0,0,0,0,0,2,2,2,"[[1, 'co1'], [1, 'v1'], [1, 'v2'], [2, 'v4', 'v3']]","['v1', 'c1', 'v2', 'v5', 'co1', 'c2', 'c3', 'v3', 'v4']","['v1', 'c1', 'v2', 'v5', 'co1', 'c2', 'c3', 'v3', 'v4']","['v1', 'c1', 'v2', 'v5', 'co1', 'c2', 'c3', 'v3', 'v4']",[],[],[],"[['co1', 'c1', 'c2', 'c3', 'v5', 'v1', 'v2', 'v3', 'v4']]","['f1', 'f2']","['f1', 'f2']","['f1', 'f2']",[],[],[],2,2,2,-1,-1,-1,7.62939453125E-06,1.04904174804688E-05,1.74045562744141E-05,0.000216245651245,0.000207662582397,0.000205993652344
Sec1|Node13_13|Edge6_14,"['f1', 'f2']",1,1,1,0,0,0,0,0,0,2,2,2,"[[2, 'co1', 'v5'], [2, 'v4', 'co1'], [2, 'v4', 'v3'], [1, 'v3'], [2, 'v3', 'co1'], [2, 'co1', 'v2']]","['v4', 'v5', 'v1', 'c1', 'co1', 'c2', 'c3', 'v2', 'v3']","['v4', 'v5', 'v1', 'c1', 'co1', 'c2', 'c3', 'v2', 'v3']","['v4', 'v5', 'v1', 'c1', 'co1', 'c2', 'c3', 'v2', 'v3']",[],[],[],"[['co1', 'c1', 'c2', 'c3', 'v4', 'v5', 'v1', 'v2', 'v3']]","['f1', 'f3', 'f2']","['f1', 'f3', 'f2']","['f1', 'f3', 'f2']",[],[],[],4,4,4,-1,-1,-1,7.86781311035156E-06,1.00135803222656E-05,2.43186950683594E-05,0.000944137573242,0.000813722610474,0.000807523727417
Sec1|Node13_13|Edge7_11,"['f1', 'f2']",1,1,1,0,0,0,0,0,0,2,2,2,"[[2, 'v5', 'v4'], [1, 'v5'], [1, 'co1'], [1, 'v1']]","['v1', 'v5', 'v2', 'v3', 'v4', 'c2', 'c3']","['v1', 'v5', 'v2', 'v3', 'v4', 'c2', 'c3']","['co1', 'c1']",[],[],[],"[['v5', 'c2', 'v1', 'v3', 'v4'], ['co1', 'c1']]","['f1', 'fo1', 'f2']","['f1', 'fo1', 'f2']","['f1', 'f3', 'f2']",[],[],[],4,4,4,-1,-1,-1,1.02519989013672E-05,1.43051147460938E-05,3.02791595458984E-05,0.000118494033813,0.000107049942017,0.000104904174805
Sec1|Node13_13|Edge8_11,"['f1', 'f2']",1,1,1,0,0,0,0,0,0,2,2,2,"[[2, 'v2', 'v3'], [1, 'v1']]","['co1', 'v1', 'c1', 'c2', 'c3', 'v5', 'v4', 'v2', 'v3']","['co1', 'v1', 'c1', 'c2', 'c3', 'v5', 'v4', 'v2', 'v3']","['v4', 'v2', 'v3', 'v5', 'c2', 'c3', 'c1', 'co1', 'v1']",[],[],[],"[['v2', 'c3', 'v1', 'v3']]","['f1', 'fo1', 'f2']","['f1', 'fo1', 'f2']","['f1', 'f3', 'f2']",[],[],[],4,4,4,-1,-1,-1,7.86781311035156E-06,1.04904174804688E-05,2.69412994384766E-05,9.44137573242188E-05,8.63075256347656E-05,8.58306884765625E-05
Sec1|Node1_10|Edge1_16,"['f1', 'f2']",1,1,1,1,1,1,1,1,1,1,1,1,"[[2, 'v2', 'v1']]",[],[],[],[],[],[],"[['v2', 'c1', 'v1']]","['f1', 'f4', 'f2']","['f1', 'f4', 'f2']","['f1', 'f4', 'f2']","['f1', 'f4', 'f2']","['f1', 'f4', 'f2']","['f1', 'f4', 'f2']",4,4,4,4,4,4,1.04904174804688E-05,1.76429748535156E-05,3.91006469726562E-05,8.79764556884766E-05,8.08238983154297E-05,7.91549682617187E-05
Sec1|Node1_10|Edge2_15,"['f1', 'f2']",1,1,1,1,1,1,1,1,1,1,1,1,"[[1, 'v1']]",[],[],[],[],[],[],"[['v1', 'c1', 'v2']]","['f1', 'f5', 'f2']","['f1', 'f5', 'f2']","['f1', 'f5', 'f2']","['f1', 'f5', 'f2']","['f1', 'f5', 'f2']","['f1', 'f5', 'f2']",4,4,4,4,4,4,1.04904174804688E-05,1.74045562744141E-05,3.86238098144531E-05,8.13007354736328E-05,7.58171081542969E-05,7.41481781005859E-05
Sec1|Node1_10|Edge3_11,"['f1', 'f2']",1,1,1,1,1,1,0,0,0,1,1,1,"[[1, 'v2']]","['v1', 'c1', 'v2']","['v1', 'c1', 'v2']","['v1', 'c1', 'v2']",[],[],[],"[['v2', 'c1', 'v1']]","['f1', 'fo1', 'f2']","['f1', 'fo1', 'f2']","['f1', 'fo1', 'f2']","['f1', 'fo1', 'f4', 'f2']","['f1', 'fo1', 'f4', 'f2']","['f1', 'fo1', 'f4', 'f2']",4,4,4,6,6,6,1.02519989013672E-05,1.52587890625E-05,2.288818359375E-05,6.98566436767578E-05,6.38961791992187E-05,6.36577606201172E-05
Sec1|Node1_10|Edge4_12,"['f1', 'f2']",1,1,1,1,1,1,0,0,0,1,1,1,"[[2, 'v1', 'v2']]","['v2', 'c1', 'v1']","['v2', 'c1', 'v1']","['v2', 'c1', 'v1']",[],[],[],"[['v1', 'c1', 'v2']]","['f1', 'fo1', 'f2']","['f1', 'fo1', 'f2']","['f1', 'fo1', 'f2']","['f1', 'fo2', 'fo1', 'f2']","['f1', 'fo2', 'fo1', 'f2']","['f1', 'fo2', 'fo1', 'f2']",4,4,4,6,6,6,1.07288360595703E-05,1.57356262207031E-05,3.79085540771484E-05,8.70227813720703E-05,7.98702239990234E-05,7.89165496826172E-05
Sec1|Node1_10|Edge5_14,"['f1', 'f2']",1,1,1,1,1,1,1,1,1,1,1,1,"[[2, 'v2', 'v1']]",[],[],[],[],[],[],"[['v2', 'c1', 'v1']]","['f1', 'f2']","['f1', 'f2']","['f1', 'f2']","['f1', 'f2']","['f1', 'f2']","['f1', 'f2']",2,2,2,2,2,2,1.04904174804688E-05,1.69277191162109E-05,1.9073486328125E-05,7.05718994140625E-05,6.53266906738281E-05,6.34193420410156E-05
Sec1|Node1_10|Edge6_19,"['f1', 'f2']",1,1,1,1,1,1,1,1,1,1,1,1,"[[1, 'v1'], [2, 'v2', 'v1']]",[],[],[],[],[],[],"[['v1', 'c1', 'v2']]","['f1', 'f2']","['f1', 'f2']","['f1', 'f2']","['f1', 'f2']","['f1', 'f2']","['f1', 'f2']",2,2,2,2,2,2,1.07288360595703E-05,2.00271606445312E-05,2.52723693847656E-05,9.1552734375E-05,8.44001770019531E-05,8.15391540527344E-05
Sec1|Node1_10|Edge7_18,"['f1', 'f2']",1,1,1,1,1,1,1,1,1,1,1,1,"[[1, 'v2'], [2, 'v2', 'v1']]",[],[],[],[],[],[],"[['v2', 'c1', 'v1']]","['f1', 'f2']","['f1', 'f2']","['f1', 'f2']","['f1', 'f2']","['f1', 'f2']","['f1', 'f2']",2,2,2,2,2,2,1.04904174804688E-05,1.93119049072266E-05,2.14576721191406E-05,8.22544097900391E-05,7.62939453125E-05,7.53402709960937E-05
Sec1|Node1_10|Edge8_10,"['f1', 'f2']",1,1,1,1,1,1,0,0,0,1,1,1,"[[2, 'v2', 'v1'], [1, 'v2']]","['v2', 'c1', 'v1']","['v2', 'c1', 'v1']","['v2', 'c1', 'v1']",[],[],[],"[['v2', 'c1', 'v1']]","['f1', 'f3', 'f4', 'f2']","['f1', 'f3', 'f4', 'f2']","['f1', 'f3', 'f4', 'f2']","['f1', 'f3', 'fo1', 'f2']","['f1', 'f3', 'fo1', 'f2']","['f1', 'f3', 'fo1', 'f2']",6,6,6,6,6,6,1.02519989013672E-05,1.47819519042969E-05,3.83853912353516E-05,8.36849212646484E-05,7.77244567871094E-05,7.55786895751953E-05
Sec1|Node21_13|Edge1_11,"['f1', 'f2']",1,1,1,1,1,1,1,1,1,1,1,1,"[[1, 'v3'], [2, 'v2', 'v1'], [1, 'v1']]",[],[],[],[],[],[],"[['v3', 'c2', 'v2'], ['v1', 'c1']]","['f1', 'f2']","['f1', 'f2']","['f1', 'f2']","['f1', 'f2']","['f1', 'f2']","['f1', 'f2']",2,2,2,2,2,2,1.07288360595703E-05,1.45435333251953E-05,1.88350677490234E-05,0.000201940536499,0.000190496444702,0.00018835067749
Sec1|Node21_13|Edge2_14,"['f1', 'f2']",1,1,1,1,1,1,1,1,1,1,1,1,"[[2, 'v3', 'v1']]","['v1', 'c2']","['v1', 'c2']","['v1', 'c2']","['v1', 'c2']","['v1', 'c2']","['v1', 'c2']","[['v3', 'c1', 'v2'], ['v1', 'c2']]","['f1', 'fo1', 'f2']","['f1', 'fo1', 'f2']","['f1', 'fo1', 'f2']","['f1', 'fo1', 'f2']","['f1', 'fo1', 'f2']","['f1', 'fo1', 'f2']",4,4,4,4,4,4,1.04904174804688E-05,1.69277191162109E-05,3.91006469726562E-05,0.00035548210144,0.000346660614014,0.000345706939697
Sec1|Node21_13|Edge3_13,"['f1', 'f2']",1,1,1,1,1,1,1,1,1,1,1,1,"[[1, 'v2'], [2, 'v3', 'v2']]",[],[],[],[],[],[],"[['v2', 'c1', 'v1', 'v3']]","['f1', 'f2']","['f1', 'f2']","['f1', 'f2']","['f1', 'f2']","['f1', 'f2']","['f1', 'f2']",2,2,2,2,2,2,1.09672546386719E-05,1.59740447998047E-05,3.86238098144531E-05,9.22679901123047E-05,9.03606414794922E-05,8.48770141601563E-05
Sec1|Node21_13|Edge4_12,"['f1', 'f2']",1,1,1,1,1,1,0,0,0,1,1,1,"[[1, 'v2'], [2, 'v3', 'v2']]","['v2', 'v3', 'c1', 'c2', 'v1']","['v2', 'v3', 'c1', 'c2', 'v1']","['v2', 'v3', 'c1', 'c2', 'v1']",[],[],[],"[['v2', 'c1', 'v3', 'c2', 'v1']]","['f1', 'fo1', 'f2']","['f1', 'fo1', 'f2']","['f1', 'fo1', 'f2']","['f1', 'fo3', 'f2']","['f1', 'fo3', 'f2']","['f1', 'fo3', 'f2']",4,4,4,4,4,4,1.04904174804688E-05,1.45435333251953E-05,3.57627868652344E-05,9.70363616943359E-05,8.98838043212891E-05,8.89301300048828E-05
Sec1|Node21_13|Edge5_14,"['f1', 'f2']",1,1,1,1,1,1,0,0,0,1,1,1,"[[2, 'v2', 'v1'], [2, 'v1', 'v3']]","['v1', 'c1', 'c2', 'v3', 'v2']","['v1', 'c1', 'c2', 'v3', 'v2']","['v1', 'c1', 'c2', 'v3', 'v2']",[],[],[],"[['v2', 'c2', 'v1', 'c1', 'v3']]","['f1', 'f2']","['f1', 'f2']","['f1', 'f2']","['f1', 'fo4', 'f2']","['f1', 'fo4', 'f2']","['f1', 'fo4', 'f2']",2,2,2,4,4,4,1.09672546386719E-05,1.62124633789062E-05,2.40802764892578E-05,0.000121593475342,0.000123739242554,0.00011134147644
Sec1|Node21_13|Edge6_12,"['f1', 'f2']",1,1,1,1,1,1,1,1,1,1,1,1,"[[1, 'v2']]",[],[],[],[],[],[],"[['v2', 'c1']]","['f1', 'f2']","['f1', 'f2']","['f1', 'f2']","['f1', 'f2']","['f1', 'f2']","['f1', 'f2']",2,2,2,2,2,2,1.09672546386719E-05,1.54972076416016E-05,1.1444091796875E-05,5.22136688232422E-05,4.62532043457031E-05,4.60147857666016E-05
Sec1|Node21_13|Edge7_13,"['f1', 'f2']",1,1,1,1,1,1,1,1,1,1,1,1,"[[2, 'v2', 'v1']]",[],[],[],[],[],[],"[['v2', 'c2', 'v1', 'v3', 'c1']]","['f1', 'f2']","['f1', 'f2']","['f1', 'f2']","['f1', 'f2']","['f1', 'f2']","['f1', 'f2']",2,2,2,2,2,2,1.12056732177734E-05,1.52587890625E-05,2.12192535400391E-05,7.67707824707031E-05,7.00950622558594E-05,6.91413879394531E-05
Sec1|Node21_13|Edge8_13,"['f1', 'f2']",1,1,1,1,1,1,1,1,1,1,1,1,"[[1, 'v1']]",[],[],[],[],[],[],"[['v1', 'c1', 'v3', 'c2', 'v2']]","['f1', 'f2']","['f1', 'f2']","['f1', 'f2']","['f1', 'f2']","['f1', 'f2']","['f1', 'f2']",2,2,2,2,2,2,1.07288360595703E-05,1.57356262207031E-05,2.16960906982422E-05,6.19888305664062E-05,5.60283660888672E-05,5.50746917724609E-05
Sec1|Node14_9|Edge1_8,"['f1', 'f2']",1,1,1,1,1,1,1,1,1,1,1,1,"[[1, 'v1']]",[],[],[],[],[],[],"[['v1', 'c1', 'c2']]","['f1', 'f3', 'f2']","['f1', 'f3', 'f2']","['f1', 'f3', 'f2']","['f1', 'f3', 'f2']","['f1', 'f3', 'f2']","['f1', 'f3', 'f2']",4,4,4,4,4,4,9.5367431640625E-06,1.26361846923828E-05,3.12328338623047E-05,6.69956207275391E-05,6.00814819335938E-05,5.93662261962891E-05
Sec1|Node14_9|Edge2_9,"['f1', 'f2']",1,1,1,1,1,1,0,0,0,1,1,1,"[[1, 'v1']]","['v1', 'c2']","['v1', 'c2']","['v1', 'c2']",[],[],[],"[['v1', 'c2']]","['f1', 'f2']","['f1', 'f2']","['f1', 'f2']","['f1', 'f3', 'f2']","['f1', 'f3', 'f2']","['f1', 'f3', 'f2']",2,2,2,4,4,4,9.5367431640625E-06,1.40666961669922E-05,1.85966491699219E-05,6.53266906738281E-05,6.00814819335938E-05,5.84125518798828E-05
Sec1|Node14_9|Edge3_9,"['f1', 'f2']",1,1,1,1,1,1,1,1,1,1,1,1,"[[1, 'v1']]",[],[],[],[],[],[],"[['v1', 'c1', 'c2']]","['f1', 'f2']","['f1', 'f2']","['f1', 'f2']","['f1', 'f2']","['f1', 'f2']","['f1', 'f2']",2,2,2,2,2,2,9.05990600585938E-06,1.33514404296875E-05,2.43186950683594E-05,5.62667846679688E-05,5.05447387695313E-05,4.98294830322266E-05
Sec1|Node14_9|Edge4_8,"['f1', 'f2']",1,1,1,1,1,1,1,1,1,1,1,1,"[[1, 'v1']]",[],[],[],[],[],[],"[['v1', 'c1']]","['f1', 'f2']","['f1', 'f2']","['f1', 'f2']","['f1', 'f2']","['f1', 'f2']","['f1', 'f2']",2,2,2,2,2,2,1.04904174804688E-05,1.52587890625E-05,1.64508819580078E-05,4.93526458740234E-05,4.26769256591797E-05,4.79221343994141E-05
Sec1|Node14_9|Edge5_11,"['f1', 'f2']",1,1,1,1,1,1,0,0,0,1,1,1,"[[1, 'v1']]","['v1', 'c2']","['v1', 'c2']","['v1', 'c2']",[],[],[],"[['v1', 'c2']]","['f1', 'f4', 'f2']","['f1', 'f4', 'f2']","['f1', 'f4', 'f2']","['f1', 'f6', 'f3', 'f2']","['f1', 'f6', 'f3', 'f2']","['f1', 'f6', 'f3', 'f2']",4,4,4,6,6,6,1.00135803222656E-05,1.47819519042969E-05,3.57627868652344E-05,7.41481781005859E-05,6.89029693603516E-05,6.77108764648437E-05
Sec1|Node14_9|Edge6_10,"['f1', 'f2']",1,1,1,1,1,1,1,1,1,1,1,1,"[[1, 'v1']]",[],[],[],[],[],[],"[['v1', 'c1', 'c2']]","['f1', 'f2']","['f1', 'f2']","['f1', 'f2']","['f1', 'f2']","['f1', 'f2']","['f1', 'f2']",2,2,2,2,2,2,9.5367431640625E-06,1.33514404296875E-05,1.81198120117187E-05,5.38825988769531E-05,4.91142272949219E-05,4.83989715576172E-05
Sec1|Node14_9|Edge7_12,"['f1', 'f2']",1,1,1,1,1,1,1,1,1,1,1,1,"[[1, 'v1']]",[],[],[],[],[],[],"[['v1', 'c1', 'c2']]","['f1', 'f2']","['f1', 'f2']","['f1', 'f2']","['f1', 'f2']","['f1', 'f2']","['f1', 'f2']",2,2,2,2,2,2,9.29832458496094E-06,1.50203704833984E-05,1.52587890625E-05,5.38825988769531E-05,4.83989715576172E-05,4.76837158203125E-05
Sec1|Node14_9|Edge8_11,"['f1', 'f2']",1,1,1,1,1,1,1,1,1,1,1,1,"[[1, 'v1']]",[],[],[],[],[],[],"[['v1', 'c1', 'c2']]","['f1', 'f2']","['f1', 'f2']","['f1', 'f2']","['f1', 'f2']","['f1', 'f2']","['f1', 'f2']",2,2,2,2,2,2,9.29832458496094E-06,1.47819519042969E-05,1.83582305908203E-05,5.60283660888672E-05,5.00679016113281E-05,4.91142272949219E-05
Sec1|Node6_11|Edge1_14,"['f1', 'f2']",1,1,1,1,1,1,0,0,0,1,1,1,"[[1, 'v1'], [2, 'v1', 'v3'], [1, 'v2']]","['v3', 'c1', 'v2', 'v1', 'c2']","['v3', 'c1', 'v2', 'v1', 'c2']","['v3', 'c1', 'v2', 'v1', 'c2']",[],[],[],"[['v1', 'c1', 'v2', 'v3', 'c2']]","['f1', 'f5', 'f2']","['f1', 'f5', 'f2']","['f1', 'f5', 'f2']","['f1', 'f4', 'f5', 'f2']","['f1', 'f4', 'f5', 'f2']","['f1', 'f4', 'f5', 'f2']",4,4,4,6,6,6,9.29832458496094E-06,1.47819519042969E-05,3.40938568115234E-05,0.000124931335449,0.000116586685181,0.000115871429443
Sec1|Node6_11|Edge2_12,"['f1', 'f2']",1,1,1,0,0,0,0,0,0,2,2,2,"[[2, 'v1', 'v3']]","['v2', 'c1', 'c2', 'v3', 'v1']","['v2', 'c1', 'c2', 'v3', 'v1']","['v2', 'c1', 'c2', 'v3', 'v1']",[],[],[],"[['v1', 'c2', 'v2', 'v3', 'c1']]","['f1', 'f5', 'f2']","['f1', 'f5', 'f2']","['f1', 'f5', 'f2']",[],[],[],4,4,4,-1,-1,-1,9.77516174316406E-06,1.28746032714844E-05,2.86102294921875E-05,8.08238983154297E-05,9.25064086914063E-05,7.27176666259766E-05
Sec1|Node6_11|Edge3_17,"['f1', 'f2']",1,1,1,1,1,1,1,1,1,1,1,1,"[[2, 'v2', 'v3'], [1, 'v1']]",[],[],[],[],[],[],"[['v2', 'c1', 'c2', 'v1', 'v3']]","['f1', 'f3', 'f2']","['f1', 'f3', 'f2']","['f1', 'f3', 'f2']","['f1', 'f3', 'f2']","['f1', 'f3', 'f2']","['f1', 'f3', 'f2']",4,4,4,4,4,4,9.5367431640625E-06,1.38282775878906E-05,3.45706939697266E-05,0.000115871429443,0.000109910964966,0.000108242034912
Sec1|Node6_11|Edge4_13,"['f1', 'f2']",1,1,1,1,1,1,0,0,0,1,1,1,"[[1, 'v2'], [1, 'v3']]","['v3', 'c1', 'v1', 'c2', 'v2']","['v3', 'c1', 'v1', 'c2', 'v2']","['v3', 'c1', 'v1', 'c2', 'v2']",[],[],[],"[['v2', 'c2', 'v1', 'c1', 'v3']]","['f1', 'f2']","['f1', 'f2']","['f1', 'f2']","['f1', 'f3', 'f5', 'f2']","['f1', 'f3', 'f5', 'f2']","['f1', 'f3', 'f5', 'f2']",2,2,2,6,6,6,9.05990600585938E-06,1.40666961669922E-05,2.12192535400391E-05,8.82148742675781E-05,8.34465026855469E-05,8.24928283691406E-05
Sec1|Node6_11|Edge5_12,"['f1', 'f2']",1,1,1,1,1,1,1,1,0,1,1,1,"[[2, 'v1', 'v3'], [1, 'v1'], [1, 'v2']]",[],[],"['v1', 'v2', 'c2', 'c1', 'v3']",[],[],[],"[['v1', 'c2', 'v3', 'c1', 'v2']]","['f1', 'f4', 'f2']","['f1', 'f4', 'f2']","['f1', 'f3', 'f2']","['f1', 'f4', 'f2']","['f1', 'f4', 'f2']","['f1', 'f4', 'f2']",4,4,4,4,4,4,1.04904174804688E-05,1.52587890625E-05,2.95639038085937E-05,0.00011682510376,0.000108957290649,0.000106811523438
Sec1|Node6_11|Edge6_16,"['f1', 'f2']",1,1,1,1,1,1,0,0,0,1,1,1,"[[2, 'v3', 'v2'], [1, 'v1']]","['v3', 'c1', 'c2', 'v1', 'v2']","['v3', 'c1', 'c2', 'v1', 'v2']","['v3', 'c1', 'c2', 'v1', 'v2']",[],[],[],"[['v3', 'c1', 'c2', 'v1', 'v2']]","['f1', 'f4', 'f2']","['f1', 'f4', 'f2']","['f1', 'f4', 'f2']","['f1', 'f5', 'f4', 'f2']","['f1', 'f5', 'f4', 'f2']","['f1', 'f5', 'f4', 'f2']",4,4,4,6,6,6,9.29832458496094E-06,1.35898590087891E-05,3.48091125488281E-05,0.000117540359497,0.000110864639282,0.000114917755127
Sec1|Node6_11|Edge7_12,"['f1', 'f2']",1,1,1,1,1,1,1,1,1,1,1,1,"[[2, 'v3', 'v2'], [2, 'v3', 'v1'], [1, 'v3']]",[],[],[],[],[],[],"[['v3', 'c1', 'c2', 'v1', 'v2']]","['f1', 'f2']","['f1', 'f2']","['f1', 'f2']","['f1', 'f2']","['f1', 'f2']","['f1', 'f2']",2,2,2,2,2,2,9.29832458496094E-06,1.23977661132813E-05,1.47819519042969E-05,0.000118494033813,0.000110626220703,0.000127553939819
Sec1|Node6_11|Edge8_12,"['f1', 'f2']",1,1,1,1,1,1,1,1,1,1,1,1,"[[1, 'v3'], [1, 'v2'], [2, 'v3', 'v2']]",[],[],[],[],[],[],"[['v3', 'c1'], ['v2', 'c2', 'v1']]","['f1', 'f2']","['f1', 'f2']","['f1', 'f2']","['f1', 'f2']","['f1', 'f2']","['f1', 'f2']",2,2,2,2,2,2,9.5367431640625E-06,1.47819519042969E-05,1.50203704833984E-05,0.000229597091675,0.000218391418457,0.00021505355835
Sec1|Node17_12|Edge1_11,"['f1', 'f2']",1,1,1,1,1,1,1,1,1,1,1,1,"[[1, 'v1']]",[],[],[],[],[],[],"[['v1', 'c1', 'c2']]","['f1', 'f7', 'f2']","['f1', 'f7', 'f2']","['f1', 'f7', 'f2']","['f1', 'f7', 'f2']","['f1', 'f7', 'f2']","['f1', 'f7', 'f2']",4,4,4,4,4,4,1.19209289550781E-05,1.62124633789062E-05,2.57492065429687E-05,6.69956207275391E-05,6.12735748291016E-05,6.31809234619141E-05
Sec1|Node17_12|Edge2_12,"['f1', 'f2']",1,1,1,1,1,1,1,1,1,1,1,1,"[[1, 'v1']]",[],[],[],[],[],[],"[['v1', 'c1', 'c2']]","['f1', 'f4', 'fo1', 'f5', 'f2']","['f1', 'f4', 'fo1', 'f5', 'f2']","['f1', 'f4', 'fo1', 'f5', 'f2']","['f1', 'f4', 'fo1', 'f5', 'f2']","['f1', 'f4', 'fo1', 'f5', 'f2']","['f1', 'f4', 'fo1', 'f5', 'f2']",8,8,8,8,8,8,1.19209289550781E-05,1.64508819580078E-05,4.83989715576172E-05,8.44001770019531E-05,8.03470611572266E-05,7.93933868408203E-05
Sec1|Node17_12|Edge3_15,"['f1', 'f2']",1,1,1,1,1,1,1,1,1,1,1,1,"[[1, 'v1']]",[],[],[],[],[],[],"[['v1', 'c1', 'c2']]","['f1', 'f2']","['f1', 'f2']","['f1', 'f2']","['f1', 'f2']","['f1', 'f2']","['f1', 'f2']",2,2,2,2,2,2,1.19209289550781E-05,1.88350677490234E-05,2.07424163818359E-05,6.65187835693359E-05,6.15119934082031E-05,6.07967376708984E-05
Sec1|Node17_12|Edge4_16,"['f1', 'f2']",1,1,1,1,1,1,1,1,1,1,1,1,"[[1, 'v1']]",[],[],[],[],[],[],"[['v1', 'c1', 'c2']]","['f1', 'fo1', 'f4', 'f2']","['f1', 'fo1', 'f4', 'f2']","['f1', 'fo1', 'f4', 'f2']","['f1', 'fo1', 'f4', 'f2']","['f1', 'fo1', 'f4', 'f2']","['f1', 'fo1', 'f4', 'f2']",6,6,6,6,6,6,1.19209289550781E-05,1.95503234863281E-05,5.14984130859375E-05,9.70363616943359E-05,9.20295715332031E-05,9.17911529541016E-05
Sec1|Node17_12|Edge5_14,"['f1', 'f2']",1,1,1,1,1,1,1,1,1,1,1,1,"[[1, 'v1']]",[],[],[],[],[],[],"[['v1', 'c1', 'c2']]","['f1', 'fo1', 'f2']","['f1', 'fo1', 'f2']","['f1', 'fo1', 'f2']","['f1', 'fo1', 'f2']","['f1', 'fo1', 'f2']","['f1', 'fo1', 'f2']",4,4,4,4,4,4,1.12056732177734E-05,1.81198120117187E-05,4.17232513427734E-05,8.27312469482422E-05,7.79628753662109E-05,7.67707824707031E-05
Sec1|Node17_12|Edge6_14,"['f1', 'f2']",1,1,1,1,1,1,1,1,1,1,1,1,"[[1, 'v1']]",[],[],[],[],[],[],"[['v1', 'c2']]","['f1', 'f3', 'f2']","['f1', 'f3', 'f2']","['f1', 'f3', 'f2']","['f1', 'f3', 'f2']","['f1', 'f3', 'f2']","['f1', 'f3', 'f2']",4,4,4,4,4,4,1.16825103759766E-05,1.83582305908203E-05,3.19480895996094E-05,7.22408294677734E-05,6.74724578857422E-05,6.62803649902344E-05
Sec1|Node17_12|Edge7_12,"['f1', 'f2']",1,1,1,1,1,1,1,1,1,1,1,1,"[[1, 'v1']]",[],[],[],[],[],[],"[['v1', 'c1']]","['f1', 'fo1', 'f2']","['f1', 'fo1', 'f2']","['f1', 'fo1', 'f2']","['f1', 'fo1', 'f2']","['f1', 'fo1', 'f2']","['f1', 'fo1', 'f2']",4,4,4,4,4,4,1.16825103759766E-05,1.76429748535156E-05,3.17096710205078E-05,7.29560852050781E-05,7.36713409423828E-05,6.77108764648437E-05
Sec1|Node17_12|Edge8_13,"['f1', 'f2']",1,1,1,1,1,1,1,1,1,1,1,1,"[[1, 'v1']]",[],[],[],[],[],[],"[['v1', 'c1', 'c2']]","['f1', 'fo1', 'f2']","['f1', 'fo1', 'f2']","['f1', 'fo1', 'f2']","['f1', 'fo1', 'f2']","['f1', 'fo1', 'f2']","['f1', 'fo1', 'f2']",4,4,4,4,4,4,1.21593475341797E-05,1.74045562744141E-05,3.76701354980469E-05,7.98702239990234E-05,7.48634338378906E-05,7.36713409423828E-05
Sec1|Node15_11|Edge1_15,"['f1', 'f2']",1,1,1,0,0,0,0,0,0,2,2,2,"[[1, 'co2'], [1, 'co1'], [1, 'v1'], [1, 'v2'], [2, 'co1', 'co2']]","['v1', 'v2', 'c1', 'c2', 'co1', 'co2', 'co3']","['v1', 'v2', 'c1', 'c2', 'co1', 'co2', 'co3']","['v1', 'v2', 'c1', 'c2', 'co1', 'co2', 'co3']",[],[],[],"[['co2', 'c1', 'v1', 'co1', 'v2', 'c2', 'co3']]","['f1', 'f2']","['f1', 'f2']","['f1', 'f2']",[],[],[],2,2,2,-1,-1,-1,8.10623168945313E-06,1.02519989013672E-05,1.50203704833984E-05,0.000230312347412,0.000214338302612,0.000211477279663
Sec1|Node15_11|Edge2_10,"['f1', 'f2']",1,1,1,0,0,0,0,0,0,2,2,2,"[[2, 'co3', 'v2']]","['co3', 'c1', 'co1', 'v1', 'v2', 'co2', 'c2']","['co3', 'c1', 'co1', 'v1', 'v2', 'co2', 'c2']","['co3', 'c1', 'co1', 'v1', 'v2', 'co2', 'c2']",[],[],[],"[['co3', 'c1', 'co1', 'v1', 'v2', 'co2', 'c2']]","['f1', 'f2']","['f1', 'f2']","['f1', 'f2']",[],[],[],2,2,2,-1,-1,-1,7.39097595214844E-06,1.00135803222656E-05,1.78813934326172E-05,7.41481781005859E-05,6.69956207275391E-05,6.58035278320312E-05
Sec1|Node15_11|Edge3_9,"['f1', 'f2']",1,1,1,0,0,0,0,0,0,2,2,2,"[[2, 'v1', 'co1'], [1, 'co2']]","['co1', 'co2', 'v2', 'co3', 'c1']","['co1', 'co2', 'v2', 'co3', 'c1']","['co1', 'co2', 'v2', 'co3', 'c1']",[],[],[],"[['v1', 'c2'], ['co1', 'c1', 'v2', 'co2', 'co3']]","['f1', 'f4', 'f2']","['f1', 'f4', 'f2']","['f1', 'f4', 'f2']",[],[],[],4,4,4,-1,-1,-1,7.62939453125E-06,1.02519989013672E-05,2.52723693847656E-05,0.000189304351807,0.000187397003174,0.000177621841431
Sec1|Node15_11|Edge4_17,"['f1', 'f2']",1,1,1,0,0,0,0,0,0,2,2,2,"[[2, 'co2', 'v1'], [2, 'v2', 'v1'], [1, 'v2']]","['v2', 'co1', 'c2', 'v1', 'co3', 'c1', 'co2']","['v2', 'co1', 'c2', 'v1', 'co3', 'c1', 'co2']","['v2', 'co1', 'c2', 'v1', 'co3', 'c1', 'co2']",[],[],[],"[['co2', 'c2', 'co1', 'co3', 'v1', 'v2', 'c1']]","['f1', 'f2']","['f1', 'f2']","['f1', 'f2']",[],[],[],2,2,2,-1,-1,-1,8.58306884765625E-06,1.12056732177734E-05,1.85966491699219E-05,0.000187397003174,0.000176668167114,0.000175476074219
Sec1|Node15_11|Edge5_12,"['f1', 'f2']",1,1,1,0,0,0,0,0,0,2,2,2,"[[2, 'v2', 'co3']]","['v1', 'co2', 'c1', 'co3', 'v2', 'co1', 'c2']","['v1', 'co2', 'c1', 'co3', 'v2', 'co1', 'c2']","['v1', 'co2', 'c1', 'co3', 'v2', 'co1', 'c2']",[],[],[],"[['v2', 'c1', 'v1', 'co1', 'co2', 'co3', 'c2']]","['f1', 'f2']","['f1', 'f2']","['f1', 'f2']",[],[],[],2,2,2,-1,-1,-1,7.62939453125E-06,1.04904174804688E-05,1.78813934326172E-05,8.51154327392578E-05,7.22408294677734E-05,7.05718994140625E-05
Sec1|Node15_11|Edge6_18,"['f1', 'f2']",1,1,1,0,0,0,0,0,0,2,2,2,"[[2, 'v2', 'v1'], [2, 'co1', 'v2'], [1, 'co2']]","['co1', 'co3', 'c1', 'v2', 'c2', 'co2', 'v1']","['co1', 'co3', 'c1', 'v2', 'c2', 'co2', 'v1']","['co1', 'co3', 'c1', 'v2', 'c2', 'co2', 'v1']",[],[],[],"[['v2', 'c1', 'c2', 'v1', 'co1', 'co2', 'co3']]","['f1', 'f2']","['f1', 'f2']","['f1', 'f2']",[],[],[],2,2,2,-1,-1,-1,7.86781311035156E-06,9.77516174316406E-06,1.47819519042969E-05,0.000195503234863,0.000187158584595,0.000184535980225
Sec1|Node15_11|Edge7_13,"['f1', 'f2']",1,1,1,0,0,0,0,0,0,2,2,2,"[[1, 'co1'], [2, 'v1', 'co2'], [1, 'co2']]","['v2', 'co2', 'c2', 'c1', 'co3', 'v1', 'co1']","['v2', 'co2', 'c2', 'c1', 'co3', 'v1', 'co1']","['v2', 'co2', 'c2', 'c1', 'co3', 'v1', 'co1']",[],[],[],"[['co1', 'c1', 'co2', 'c2', 'v2', 'co3', 'v1']]","['f1', 'f3', 'f2']","['f1', 'f3', 'f2']","['f1', 'f3', 'f2']",[],[],[],4,4,4,-1,-1,-1,8.10623168945313E-06,1.02519989013672E-05,2.31266021728516E-05,0.000142097473145,0.000135183334351,0.00013279914856
Sec1|Node15_11|Edge8_11,"['f1', 'f2']",1,1,1,1,1,1,1,1,1,1,1,1,"[[1, 'v2'], [1, 'co2'], [2, 'v1', 'v2']]",[],[],[],[],[],[],"[['v2', 'c1', 'co1', 'co3', 'v1', 'c2', 'co2']]","['f1', 'f2']","['f1', 'f2']","['f1', 'f2']","['f1', 'f2']","['f1', 'f2']","['f1', 'f2']",2,2,2,2,2,2,8.34465026855469E-06,1.02519989013672E-05,1.50203704833984E-05,0.000139951705933,0.000137090682983,0.000129699707031
Sec1|Node12_13|Edge1_9,"['f1', 'f2']",1,1,1,0,0,0,0,0,0,2,2,2,"[[2, 'v2', 'v1'], [1, 'v1']]","['v2', 'c2', 'v1', 'c4']","['v2', 'c2', 'v1', 'c4']","['v2', 'c2', 'v1', 'c4']",[],[],[],"[['v2', 'c2', 'v1', 'c4']]","['f1', 'f4', 'f2']","['f1', 'f4', 'f2']","['f1', 'f4', 'f2']",[],[],[],4,4,4,-1,-1,-1,9.05990600585938E-06,1.23977661132813E-05,2.98023223876953E-05,7.29560852050781E-05,6.53266906738281E-05,6.91413879394531E-05
Sec1|Node12_13|Edge2_7,"['f1', 'f2']",1,1,1,0,0,0,0,0,0,2,2,2,"[[1, 'v1'], [2, 'v2', 'v1']]","['v1', 'c2']","['v1', 'c2']","['v1', 'c2']",[],[],[],"[['v1', 'c2'], ['v2', 'c4']]","['f1', 'fo1', 'f2']","['f1', 'fo1', 'f2']","['f1', 'fo1', 'f2']",[],[],[],4,4,4,-1,-1,-1,8.34465026855469E-06,1.12056732177734E-05,2.95639038085937E-05,0.000206232070923,0.000196933746338,0.000195264816284
Sec1|Node12_13|Edge3_11,"['f1', 'f2']",1,1,1,1,1,1,1,1,1,1,1,1,"[[1, 'v1'], [1, 'v2']]",[],[],[],[],[],[],"[['v1', 'c1', 'c2', 'v2', 'c5']]","['f1', 'f3', 'f2']","['f1', 'f3', 'f2']","['f1', 'f3', 'f2']","['f1', 'f3', 'f2']","['f1', 'f3', 'f2']","['f1', 'f3', 'f2']",4,4,4,4,4,4,9.29832458496094E-06,1.35898590087891E-05,3.29017639160156E-05,9.25064086914063E-05,8.60691070556641E-05,8.48770141601563E-05
Sec1|Node12_13|Edge4_10,"['f1', 'f2']",1,1,1,0,0,0,0,0,0,2,2,2,"[[2, 'v1', 'v2']]","['v2', 'v1', 'c2', 'c3', 'c6']","['v2', 'v1', 'c2', 'c3', 'c6']","['v2', 'v1', 'c2', 'c3', 'c6']",[],[],[],"[['v1', 'c3', 'c6', 'v2', 'c2']]","['f1', 'fo1', 'f2']","['f1', 'fo1', 'f2']","['f1', 'fo1', 'f2']",[],[],[],4,4,4,-1,-1,-1,8.82148742675781E-06,1.21593475341797E-05,2.90870666503906E-05,8.60691070556641E-05,7.93933868408203E-05,7.77244567871094E-05
Sec1|Node12_13|Edge5_8,"['f1', 'f2']",1,1,1,1,1,1,0,0,0,1,1,1,"[[1, 'v2']]","['v2', 'c1', 'v1']","['v2', 'c1', 'v1']","['v2', 'c1', 'v1']",[],[],[],"[['v2', 'c1', 'v1']]","['f1', 'fo1', 'f2']","['f1', 'fo1', 'f2']","['f1', 'fo1', 'f2']","['f1', 'f4', 'fo1', 'f2']","['f1', 'f4', 'fo1', 'f2']","['f1', 'f4', 'fo1', 'f2']",4,4,4,6,6,6,9.05990600585938E-06,1.23977661132813E-05,2.95639038085937E-05,6.53266906738281E-05,5.93662261962891E-05,5.86509704589844E-05
Sec1|Node12_13|Edge6_12,"['f1', 'f2']",1,1,1,1,1,1,0,0,1,1,1,1,"[[1, 'v1']]","['v1', 'v2', 'c1', 'c4', 'c3', 'c5']","['v1', 'v2', 'c1', 'c4', 'c3', 'c5']",[],[],[],[],"[['v1', 'c1', 'c4']]","['f1', 'f4', 'f2']","['f1', 'f4', 'f2']","['f1', 'fo1', 'f2']","['f1', 'fo1', 'f2']","['f1', 'fo1', 'f2']","['f1', 'fo1', 'f2']",4,4,4,4,4,4,8.82148742675781E-06,1.33514404296875E-05,3.19480895996094E-05,6.79492950439453E-05,6.31809234619141E-05,6.22272491455078E-05
Sec1|Node12_13|Edge7_11,"['f1', 'f2']",1,1,1,1,1,1,1,1,1,1,1,1,"[[1, 'v2'], [1, 'v1']]",[],[],[],[],[],[],"[['v2', 'c2', 'v1', 'c4', 'c5']]","['f1', 'f4', 'f2']","['f1', 'f4', 'f2']","['f1', 'f4', 'f2']","['f1', 'f4', 'f2']","['f1', 'f4', 'f2']","['f1', 'f4', 'f2']",4,4,4,4,4,4,8.58306884765625E-06,1.26361846923828E-05,3.17096710205078E-05,8.74996185302734E-05,8.17775726318359E-05,8.0108642578125E-05
Sec1|Node12_13|Edge8_10,"['f1', 'f2']",1,1,1,1,1,1,1,1,1,1,1,1,"[[1, 'v1'], [1, 'v2']]",[],[],[],[],[],[],"[['v1', 'c2', 'v2', 'c6']]","['f1', 'f2']","['f1', 'f2']","['f1', 'f2']","['f1', 'f2']","['f1', 'f2']","['f1', 'f2']",2,2,2,2,2,2,8.82148742675781E-06,1.31130218505859E-05,1.81198120117187E-05,7.08103179931641E-05,7.79628753662109E-05,6.36577606201172E-05
Sec1|Node22_10|Edge1_9,"['f1', 'f2']",1,1,1,1,1,1,1,1,1,1,1,1,"[[1, 'v1'], [2, 'v1', 'v2']]","['v2', 'c1']","['v2', 'c1']","['v2', 'c1']","['v2', 'c1']","['v2', 'c1']","['v2', 'c1']","[['v1', 'c2'], ['v2', 'c1']]","['f1', 'f2']","['f1', 'f2']","['f1', 'f2']","['f1', 'f2']","['f1', 'f2']","['f1', 'f2']",2,2,2,2,2,2,9.77516174316406E-06,1.33514404296875E-05,1.52587890625E-05,0.000180959701538,0.00017237663269,0.000176191329956
Sec1|Node22_10|Edge2_16,"['f1', 'f2']",1,1,1,1,1,1,1,1,1,1,1,1,"[[1, 'v1'], [1, 'v2']]",[],[],[],[],[],[],"[['v1', 'c1', 'c2', 'v2']]","['f1', 'f2']","['f1', 'f2']","['f1', 'f2']","['f1', 'f2']","['f1', 'f2']","['f1', 'f2']",2,2,2,2,2,2,1.02519989013672E-05,1.74045562744141E-05,2.14576721191406E-05,7.48634338378906E-05,6.84261322021484E-05,6.77108764648437E-05
Sec1|Node22_10|Edge3_11,"['f1', 'f2']",1,1,1,1,1,1,1,1,1,1,1,1,"[[1, 'v2']]",[],[],[],[],[],[],"[['v2', 'c1', 'c2', 'v1']]","['f1', 'f2']","['f1', 'f2']","['f1', 'f2']","['f1', 'f2']","['f1', 'f2']","['f1', 'f2']",2,2,2,2,2,2,9.77516174316406E-06,1.35898590087891E-05,1.47819519042969E-05,5.41210174560547E-05,4.88758087158203E-05,4.79221343994141E-05
Sec1|Node22_10|Edge4_12,"['f1', 'f2']",1,1,1,1,1,1,1,1,1,1,1,1,"[[1, 'v1']]",[],[],[],[],[],[],"[['v1', 'c1', 'c2', 'v2']]","['f1', 'f2']","['f1', 'f2']","['f1', 'f2']","['f1', 'f2']","['f1', 'f2']","['f1', 'f2']",2,2,2,2,2,2,9.05990600585938E-06,1.31130218505859E-05,2.43186950683594E-05,5.76972961425781E-05,5.17368316650391E-05,5.10215759277344E-05
Sec1|Node22_10|Edge5_15,"['f1', 'f2']",1,1,1,1,1,1,1,1,1,1,1,1,"[[1, 'v2']]",[],[],[],[],[],[],"[['v2', 'c2', 'v1', 'c1']]","['f1', 'f2']","['f1', 'f2']","['f1', 'f2']","['f1', 'f2']","['f1', 'f2']","['f1', 'f2']",2,2,2,2,2,2,9.77516174316406E-06,1.66893005371094E-05,2.14576721191406E-05,6.67572021484375E-05,6.07967376708984E-05,6.03199005126953E-05
Sec1|Node22_10|Edge6_15,"['f1', 'f2']",1,1,1,1,1,1,1,1,1,1,1,1,"[[2, 'v2', 'v1']]",[],[],[],[],[],[],"[['v2', 'c2'], ['v1', 'c1']]","['f1', 'f2']","['f1', 'f2']","['f1', 'f2']","['f1', 'f2']","['f1', 'f2']","['f1', 'f2']",2,2,2,2,2,2,9.29832458496094E-06,1.66893005371094E-05,2.07424163818359E-05,0.000278472900391,0.000266551971436,0.000266790390015
Sec1|Node22_10|Edge7_17,"['f1', 'f2']",1,1,1,1,1,1,1,1,1,1,1,1,"[[1, 'v2'], [2, 'v1', 'v2']]",[],[],[],[],[],[],"[['v2', 'c1', 'c2', 'v1']]","['f1', 'f2']","['f1', 'f2']","['f1', 'f2']","['f1', 'f2']","['f1', 'f2']","['f1', 'f2']",2,2,2,2,2,2,9.77516174316406E-06,1.69277191162109E-05,2.38418579101562E-05,9.41753387451172E-05,8.22544097900391E-05,8.10623168945313E-05
Sec1|Node22_10|Edge8_10,"['f1', 'f2']",1,1,1,1,1,1,1,1,1,1,1,1,"[[1, 'v1']]",[],[],[],[],[],[],"[['v1', 'c2', 'v2', 'c1']]","['f1', 'f2']","['f1', 'f2']","['f1', 'f2']","['f1', 'f2']","['f1', 'f2']","['f1', 'f2']",2,2,2,2,2,2,9.5367431640625E-06,1.23977661132813E-05,1.78813934326172E-05,4.88758087158203E-05,4.43458557128906E-05,4.29153442382813E-05
Sec1|Node20_13|Edge1_8,"['f1', 'f2']",1,1,1,1,1,1,1,1,1,1,1,1,"[[1, 'co1'], [1, 'v1'], [2, 'v3', 'v2']]",[],[],[],[],[],[],"[['co1', 'c5'], ['v1', 'c1', 'v2'], ['v3', 'c2']]","['f1', 'f2']","['f1', 'f2']","['f1', 'f2']","['f1', 'f2']","['f1', 'f2']","['f1', 'f2']",2,2,2,2,2,2,7.86781311035156E-06,1.00135803222656E-05,1.12056732177734E-05,0.000165224075317,0.000156402587891,0.000154256820679
Sec1|Node20_13|Edge2_13,"['f1', 'f2']",1,1,1,1,1,1,1,1,1,1,1,1,"[[1, 'v3']]",[],[],[],[],[],[],"[['v3', 'c3', 'c5', 'co1', 'v1', 'v2', 'c2']]","['f1', 'f2']","['f1', 'f2']","['f1', 'f2']","['f1', 'f2']","['f1', 'f2']","['f1', 'f2']",2,2,2,2,2,2,7.62939453125E-06,1.07288360595703E-05,1.78813934326172E-05,6.81877136230469E-05,6.12735748291016E-05,6.103515625E-05
Sec1|Node20_13|Edge3_12,"['f1', 'f2']",1,1,1,0,0,0,0,0,0,2,2,2,"[[2, 'v1', 'v2']]","['v2', 'c5', 'co1', 'c2', 'c3', 'v3', 'v1', 'c1', 'c4']","['v2', 'c5', 'co1', 'c2', 'c3', 'v3', 'v1', 'c1', 'c4']","['v2', 'c5', 'co1', 'c2', 'c3', 'v3', 'v1', 'c1', 'c4']",[],[],[],"[['v1', 'c3', 'co1', 'c2', 'c5', 'v3', 'v2', 'c1', 'c4']]","['f1', 'f3', 'f2']","['f1', 'f3', 'f2']","['f1', 'f3', 'f2']",[],[],[],4,4,4,-1,-1,-1,8.10623168945313E-06,1.02519989013672E-05,2.33650207519531E-05,0.000101089477539,9.17911529541016E-05,9.1552734375E-05
Sec1|Node20_13|Edge4_14,"['f1', 'f2']",1,1,1,0,0,0,0,0,0,2,2,2,"[[2, 'v1', 'co1']]","['v2', 'v3', 'c2', 'c4', 'v1', 'co1', 'c3', 'c1']","['v2', 'v3', 'c2', 'c4', 'v1', 'co1', 'c3', 'c1']","['v2', 'v3', 'c2', 'c4', 'v1', 'co1', 'c3', 'c1']",[],[],[],"[['v1', 'c3', 'c4', 'v2', 'v3', 'c2', 'co1', 'c1']]","['f1', 'f3', 'f2']","['f1', 'f3', 'f2']","['f1', 'f3', 'f2']",[],[],[],4,4,4,-1,-1,-1,7.86781311035156E-06,1.00135803222656E-05,2.26497650146484E-05,9.918212890625E-05,9.20295715332031E-05,8.96453857421875E-05
Sec1|Node20_13|Edge5_14,"['f1', 'f2']",1,1,1,0,0,0,0,0,0,2,2,2,"[[1, 'v1'], [1, 'co1'], [2, 'v3', 'co1']]","['v3', 'c2', 'c5', 'v1', 'co1', 'c3', 'c4', 'v2', 'c1']","['v3', 'c2', 'c5', 'v1', 'co1', 'c3', 'c4', 'v2', 'c1']","['v3', 'c2', 'c5', 'v1', 'co1', 'c3', 'c4', 'v2', 'c1']",[],[],[],"[['v1', 'c2', 'v3', 'c5', 'co1', 'c3', 'c4', 'v2', 'c1']]","['f1', 'f2']","['f1', 'f2']","['f1', 'f2']",[],[],[],2,2,2,-1,-1,-1,7.62939453125E-06,1.1444091796875E-05,1.78813934326172E-05,0.000169515609741,0.000160455703735,0.000166654586792
Sec1|Node20_13|Edge6_11,"['f1', 'f2']",1,1,1,1,1,1,1,1,1,1,1,1,"[[2, 'co1', 'v2']]","['v1', 'c3']","['v1', 'c3']","['v1', 'c3']","['v1', 'c3']","['v1', 'c3']","['v1', 'c3']","[['co1', 'c4', 'c5', 'v2', 'v3', 'c1', 'c2']]","['f1', 'f2']","['f1', 'f2']","['f1', 'f2']","['f1', 'f2']","['f1', 'f2']","['f1', 'f2']",2,2,2,2,2,2,7.62939453125E-06,1.02519989013672E-05,1.81198120117187E-05,9.03606414794922E-05,8.44001770019531E-05,8.27312469482422E-05
Sec1|Node20_13|Edge7_9,"['f1', 'f2']",1,1,1,1,1,1,0,0,0,1,1,1,"[[1, 'v2'], [1, 'v3'], [1, 'co1'], [2, 'co1', 'v1']]","['co1', 'c5']","['co1', 'c5']","['co1', 'c5']",[],[],[],"[['v2', 'c1'], ['v3', 'c3', 'v1'], ['co1', 'c5']]","['f1', 'f2']","['f1', 'f2']","['f1', 'f2']","['f1', 'f3', 'f2']","['f1', 'f3', 'f2']","['f1', 'f3', 'f2']",2,2,2,4,4,4,7.39097595214844E-06,1.04904174804688E-05,1.78813934326172E-05,0.000202655792236,0.000193357467651,0.000192165374756
Sec1|Node20_13|Edge8_10,"['f1', 'f2']",1,1,1,1,1,1,1,1,1,1,1,1,"[[1, 'v2']]",[],[],[],[],[],[],"[['v2', 'c3', 'c4', 'v1', 'v3', 'co1']]","['f1', 'f2']","['f1', 'f2']","['f1', 'f2']","['f1', 'f2']","['f1', 'f2']","['f1', 'f2']",2,2,2,2,2,2,7.39097595214844E-06,1.04904174804688E-05,1.78813934326172E-05,5.88893890380859E-05,5.31673431396484E-05,5.22136688232422E-05
,,,,,,,,,,,,,,,,,,,,,,,,,,,,,,,,,,,,,,,
false positive,106,106,107,0,0,0,,,,,,,,,,,,,,,,,,,,,,,,,,,,,,,,,
true positive,94,94,93,122,122,122,,,,,,,,,,,,,,,,,,,,,,,,,,,,,,,,,
true negative,0,0,0,78,78,78,,,,,,,,,,,,,,,,,,,,,,,,,,,,,,,,,
false negative,0,0,0,0,0,0,,,,,,,,,,,,,,,,,,,,,,,,,,,,,,,,,
max runtime,1.717E-05,2.456E-05,5.15E-05,0.00094414,0.00081372,0.00080752,,,,,,,,,,,,,,,,,,,,,,,,,,,,,,,,,
middle runtime,9.06E-06,1.311E-05,2.301E-05,9.167E-05,8.44E-05,8.249E-05,,,,,,,,,,,,,,,,,,,,,,,,,,,,,,,,,
avg runtime,9.27E-06,1.325E-05,2.435E-05,0.00012507,0.00011526,0.0001144,,,,,,,,,,,,,,,,,,,,,,,,,,,,,,,,,
