,User Requirement,Naive estimate,Dijkstra estimate,A* estimate,BOCS estimate,Naive fp,Dijkstra fp,A*  fp,BOCS fp,Constraint List,Naive control List,Dijkstra control list,A star control list,BOCS control list,ControlNodesGroup,Naive path,Dijkstra path,A* path,BOCS path,Naive path length,Dijkstra path length,A* path length,BOCS path length,Naive runtime,Dijkstra runtime,A* runtime,BOCS runtime
Sec1|Node11|Edge1,f1 -> f2,1,1,1,1,0,0,0,1,"[[2, 'v3', 'v2']]","['v2', 'c1', 'c2', 'c3', 'v3']","['v2', 'c1', 'c2', 'c3', 'v3']","['v2', 'c1', 'c2', 'c3', 'v3']",[],"[['v3', 'c1', 'c3', 'v2', 'v1', 'c2']]","['f1', 'f2']","['f1', 'f2']","['f1', 'f2']","['f1', 'f3', 'f2']",2,2,2,4,1.31130218505859E-05,1.97887420654297E-05,2.74181365966797E-05,0.000128507614136
Sec1|Node11|Edge2,f1 -> f2,1,1,1,0,0,0,0,2,"[[1, 'v1'], [2, 'v1', 'v2'], [1, 'v2']]","['v2', 'v1', 'v3', 'c1', 'c2', 'c3']","['v2', 'v1', 'v3', 'c1', 'c2', 'c3']","['v2', 'v1', 'v3', 'c1', 'c2', 'c3']",[],"[['v1', 'c1', 'c2', 'c3', 'v2', 'v3']]","['f1', 'fo1', 'f2']","['f1', 'fo1', 'f2']","['f1', 'fo1', 'f2']",[],4,4,4,-1,1.28746032714844E-05,1.93119049072266E-05,2.83718109130859E-05,-1
Sec1|Node11|Edge3,f1 -> f2,1,1,1,1,0,0,0,1,"[[1, 'v1'], [1, 'v2'], [2, 'v3', 'v2']]","['v3', 'c1', 'c2', 'v1']","['v3', 'c1', 'c2', 'v1']","['v3', 'c1', 'c2', 'v1']",[],"[['v1', 'c1', 'c3', 'v3', 'v2', 'c2']]","['f1', 'f2']","['f1', 'f2']","['f1', 'f2']","['f1', 'fo1', 'fo2', 'f3', 'f2']",2,2,2,8,1.19209289550781E-05,1.76429748535156E-05,1.83582305908203E-05,0.000160455703735
Sec1|Node11|Edge4,f1 -> f2,1,1,1,1,1,1,1,1,"[[1, 'v2'], [2, 'v2', 'v3'], [1, 'v1']]",[],[],[],[],"[['v2', 'c1', 'v1', 'v3', 'c2', 'c3']]","['f1', 'fo1', 'f2']","['f1', 'fo1', 'f2']","['f1', 'fo1', 'f2']","['f1', 'fo1', 'f2']",4,4,4,4,1.12056732177734E-05,1.57356262207031E-05,3.40938568115234E-05,0.000131845474243
Sec1|Node11|Edge5,f1 -> f2,1,1,1,1,1,1,1,1,"[[1, 'v1']]",[],[],[],[],"[['v1', 'c3', 'v2']]","['f1', 'f2']","['f1', 'f2']","['f1', 'f2']","['f1', 'f2']",2,2,2,2,1.57356262207031E-05,2.50339508056641E-05,3.38554382324219E-05,9.48905944824219E-05
Sec1|Node11|Edge6,f1 -> f2,1,1,1,1,1,1,1,1,"[[1, 'v2'], [1, 'v3']]",[],[],[],[],"[['v2', 'c2', 'v3']]","['f1', 'f3', 'f2']","['f1', 'f3', 'f2']","['f1', 'f3', 'f2']","['f1', 'f3', 'f2']",4,4,4,4,1.28746032714844E-05,1.62124633789062E-05,3.29017639160156E-05,8.7738037109375E-05
Sec1|Node11|Edge7,f1 -> f2,1,1,1,1,1,1,1,1,"[[1, 'v1'], [2, 'v2', 'v3']]",[],[],[],[],"[['v1', 'c1', 'v2', 'v3', 'c3']]","['f1', 'f2']","['f1', 'f2']","['f1', 'f2']","['f1', 'f2']",2,2,2,2,1.21593475341797E-05,1.57356262207031E-05,1.52587890625E-05,9.94205474853516E-05
Sec1|Node11|Edge8,f1 -> f2,1,1,1,1,1,1,1,1,"[[2, 'v3', 'v1']]",[],[],[],[],"[['v3', 'c1'], ['v1', 'c2', 'c3', 'v2']]","['f1', 'f2']","['f1', 'f2']","['f1', 'f2']","['f1', 'f2']",2,2,2,2,1.1444091796875E-05,1.71661376953125E-05,2.14576721191406E-05,0.000245571136475
Sec1|Node9|Edge1,f1 -> f2,1,1,1,1,1,1,1,1,"[[1, 'co1']]","['v1', 'c5']","['v1', 'c5']","['v1', 'c5']","['v1', 'c5']","[['co1', 'c8']]","['f1', 'fo1', 'f2']","['f1', 'fo1', 'f2']","['f1', 'fo1', 'f2']","['f1', 'fo1', 'f2']",4,4,4,4,1.21593475341797E-05,1.71661376953125E-05,3.17096710205078E-05,6.43730163574219E-05
Sec1|Node9|Edge2,f1 -> f2,1,1,1,1,0,0,0,1,"[[1, 'v1'], [1, 'co1']]","['co1', 'c7']","['co1', 'c7']","['co1', 'c7']",[],"[['v1', 'c1'], ['co1', 'c7']]","['f1', 'f2']","['f1', 'f2']","['f1', 'f2']","['f1', 'f4', 'f2']",2,2,2,4,1.12056732177734E-05,1.69277191162109E-05,2.59876251220703E-05,8.51154327392578E-05
Sec1|Node9|Edge3,f1 -> f2,1,1,1,1,1,1,1,1,"[[1, 'v1']]",[],[],[],[],"[['v1', 'c5']]","['f1', 'fo1', 'f2']","['f1', 'fo1', 'f2']","['f1', 'fo1', 'f2']","['f1', 'fo1', 'f2']",4,4,4,4,1.47819519042969E-05,1.76429748535156E-05,3.62396240234375E-05,7.10487365722656E-05
Sec1|Node9|Edge4,f1 -> f2,1,1,1,1,1,1,1,1,"[[1, 'v1']]",[],[],[],[],"[['v1', 'c2', 'c6']]","['f1', 'f4', 'f2']","['f1', 'f4', 'f2']","['f1', 'f4', 'f2']","['f1', 'f4', 'f2']",4,4,4,4,1.69277191162109E-05,2.31266021728516E-05,4.57763671875E-05,7.36713409423828E-05
Sec1|Node9|Edge5,f1 -> f2,1,1,1,1,1,1,1,1,"[[1, 'v1']]","['co1', 'c4', 'c7']","['co1', 'c4', 'c7']","['co1', 'c4', 'c7']","['co1', 'c4', 'c7']","[['v1', 'c1', 'c3']]","['f1', 'fo1', 'f2']","['f1', 'fo1', 'f2']","['f1', 'fo1', 'f2']","['f1', 'fo1', 'f2']",4,4,4,4,1.19209289550781E-05,1.74045562744141E-05,3.52859497070312E-05,7.46250152587891E-05
Sec1|Node9|Edge6,f1 -> f2,1,1,1,1,0,0,0,1,"[[1, 'co1'], [2, 'v1', 'co1']]","['co1', 'c2']","['co1', 'c2']","['co1', 'c2']",[],"[['co1', 'c2'], ['v1', 'c1']]","['f1', 'f2']","['f1', 'f2']","['f1', 'f2']","['f1', 'fo1', 'f2']",2,2,2,4,1.1444091796875E-05,1.83582305908203E-05,2.00271606445312E-05,0.000174760818481
Sec1|Node9|Edge7,f1 -> f2,1,1,1,0,0,0,0,2,"[[2, 'co1', 'v1'], [1, 'v1']]","['v1', 'c2']","['v1', 'c2']","['v1', 'c2']",[],"[['co1', 'c2', 'v1']]","['f1', 'fo1', 'f2']","['f1', 'fo1', 'f2']","['f1', 'fo1', 'f2']",[],4,4,4,-1,1.23977661132813E-05,1.71661376953125E-05,3.33786010742187E-05,-1
Sec1|Node9|Edge8,f1 -> f2,1,1,1,1,0,0,0,1,"[[1, 'co1'], [1, 'v1']]","['co1', 'c1', 'c5']","['co1', 'c1', 'c5']","['co1', 'c1', 'c5']",[],"[['co1', 'c1', 'c5'], ['v1', 'c6']]","['f1', 'f3', 'f2']","['f1', 'f3', 'f2']","['f1', 'f3', 'f2']","['f1', 'fo1', 'f2']",4,4,4,4,1.12056732177734E-05,1.74045562744141E-05,3.50475311279297E-05,8.15391540527344E-05
Sec1|Node2|Edge1,f1 -> f2,1,1,1,0,0,0,0,2,"[[1, 'v1'], [1, 'v2']]","['v2', 'c1', 'c2', 'v1']","['v2', 'c1', 'c2', 'v1']","['v2', 'c1', 'c2', 'v1']",[],"[['v1', 'c2', 'v2', 'c1']]","['f1', 'f6', 'fo2', 'f4', 'f2']","['f1', 'f6', 'fo2', 'f4', 'f2']","['f1', 'f6', 'fo2', 'f4', 'f2']",[],8,8,8,-1,1.52587890625E-05,2.07424163818359E-05,5.03063201904297E-05,-1
Sec1|Node2|Edge2,f1 -> f2,1,1,1,1,1,1,1,1,"[[2, 'v1', 'v2']]",[],[],[],[],"[['v1', 'c1'], ['v2', 'c2']]","['f1', 'f3', 'fo2', 'f2']","['f1', 'f3', 'fo2', 'f2']","['f1', 'f3', 'fo2', 'f2']","['f1', 'f3', 'fo2', 'f2']",6,6,6,6,1.81198120117187E-05,2.33650207519531E-05,4.62532043457031E-05,0.000242710113525
Sec1|Node2|Edge3,f1 -> f2,1,1,1,1,1,1,1,1,"[[2, 'v2', 'v1']]",[],[],[],[],"[['v2', 'c1', 'c2', 'v1']]","['f1', 'f3', 'f6', 'f2']","['f1', 'f3', 'f6', 'f2']","['f1', 'f3', 'f6', 'f2']","['f1', 'f3', 'f6', 'f2']",6,6,6,6,1.43051147460938E-05,2.02655792236328E-05,3.69548797607422E-05,9.48905944824219E-05
Sec1|Node2|Edge4,f1 -> f2,1,1,1,1,0,0,0,1,"[[1, 'v1']]","['v1', 'v2', 'c1', 'c2']","['v1', 'v2', 'c1', 'c2']","['v1', 'v2', 'c1', 'c2']",[],"[['v1', 'c1', 'v2', 'c2']]","['f1', 'fo3', 'f2']","['f1', 'fo3', 'f2']","['f1', 'fo3', 'f2']","['f1', 'fo3', 'fo2', 'f2']",4,4,4,6,1.57356262207031E-05,2.24113464355469E-05,4.98294830322266E-05,0.000105619430542
Sec1|Node2|Edge5,f1 -> f2,1,1,1,1,1,1,1,1,"[[2, 'v2', 'v1'], [1, 'v1']]",[],[],[],[],"[['v2', 'c2', 'v1']]","['f1', 'f5', 'fo3', 'f2']","['f1', 'f5', 'fo3', 'f2']","['f1', 'f5', 'fo3', 'f2']","['f1', 'f5', 'fo3', 'f2']",6,6,6,6,1.45435333251953E-05,2.09808349609375E-05,4.38690185546875E-05,0.000102996826172
Sec1|Node2|Edge6,f1 -> f2,1,1,1,0,0,0,0,2,"[[2, 'v1', 'v2']]","['v2', 'c1', 'c2', 'v1']","['v2', 'c1', 'c2', 'v1']","['v2', 'c1', 'c2', 'v1']",[],"[['v1', 'c1', 'c2', 'v2']]","['f1', 'f5', 'f4', 'f2']","['f1', 'f5', 'f4', 'f2']","['f1', 'f5', 'f4', 'f2']",[],6,6,6,-1,1.59740447998047E-05,2.02655792236328E-05,3.09944152832031E-05,-1
Sec1|Node2|Edge7,f1 -> f2,1,1,1,1,1,1,1,1,"[[1, 'v2'], [1, 'v1']]",[],[],[],[],"[['v2', 'c2', 'v1', 'c1']]","['f1', 'fo2', 'f6', 'f2']","['f1', 'fo2', 'f6', 'f2']","['f1', 'fo2', 'f6', 'f2']","['f1', 'fo2', 'f6', 'f2']",6,6,6,6,1.45435333251953E-05,2.26497650146484E-05,5.69820404052734E-05,0.000112771987915
Sec1|Node2|Edge8,f1 -> f2,1,1,1,0,0,0,0,2,"[[2, 'v2', 'v1']]","['v1', 'c1']","['v1', 'c1']","['v1', 'c1']",[],"[['v2', 'c1', 'c2', 'v1']]","['f1', 'f6', 'fo3', 'f2']","['f1', 'f6', 'fo3', 'f2']","['f1', 'f6', 'fo3', 'f2']",[],6,6,6,-1,1.47819519042969E-05,2.00271606445312E-05,4.45842742919922E-05,-1
Sec1|Node25|Edge1,f1 -> f2,1,1,1,1,1,1,1,1,"[[1, 'v1'], [2, 'v2', 'co1'], [1, 'co1'], [1, 'v3']]",[],[],[],[],"[['v1', 'c1', 'co1', 'v2', 'v3', 'v4']]","['f1', 'f2']","['f1', 'f2']","['f1', 'f2']","['f1', 'f2']",2,2,2,2,1.19209289550781E-05,1.76429748535156E-05,2.74181365966797E-05,0.000168323516846
Sec1|Node25|Edge2,f1 -> f2,1,1,1,0,0,0,0,2,"[[1, 'v3'], [2, 'v2', 'v3']]","['v1', 'v3', 'c1']","['v1', 'v3', 'c1']","['v4', 'v2', 'c1', 'co1']",[],"[['v3', 'c1', 'v1', 'v2', 'v4', 'co1']]","['f1', 'fo2', 'fo1', 'f2']","['f1', 'fo2', 'fo1', 'f2']","['f1', 'fo3', 'fo1', 'f2']",[],6,6,6,-1,1.66893005371094E-05,2.26497650146484E-05,5.00679016113281E-05,-1
Sec1|Node25|Edge3,f1 -> f2,1,1,1,0,0,0,0,2,"[[2, 'v4', 'co1'], [1, 'v2']]","['v2', 'c1']","['v2', 'c1']","['v3', 'c1']",[],"[['v4', 'c1', 'v1', 'v2', 'v3', 'co1']]","['f1', 'fo2', 'f2']","['f1', 'fo2', 'f2']","['f1', 'fo3', 'f2']",[],4,4,4,-1,1.35898590087891E-05,1.93119049072266E-05,4.22000885009766E-05,-1
Sec1|Node25|Edge4,f1 -> f2,1,1,1,0,0,0,0,2,"[[1, 'v4'], [1, 'v1'], [2, 'co1', 'v3'], [2, 'co1', 'v1'], [2, 'v2', 'v4']]","['co1', 'c1']","['co1', 'c1']","['co1', 'c1']",[],"[['v4', 'c1', 'v1', 'v2', 'v3', 'co1']]","['f1', 'f2']","['f1', 'f2']","['f1', 'f2']",[],2,2,2,-1,1.28746032714844E-05,1.69277191162109E-05,1.93119049072266E-05,-1
Sec1|Node25|Edge5,f1 -> f2,1,1,1,0,0,0,0,2,"[[2, 'v4', 'co1']]","['v2', 'c1']","['v2', 'c1']","['v2', 'c1']",[],"[['v4', 'c1', 'v1', 'v2', 'v3', 'co1']]","['f1', 'f2']","['f1', 'f2']","['f1', 'f2']",[],2,2,2,-1,1.71661376953125E-05,2.36034393310547E-05,2.38418579101562E-05,-1
Sec1|Node25|Edge6,f1 -> f2,1,1,1,0,0,0,0,2,"[[1, 'v3'], [2, 'v3', 'v1']]","['v3', 'v4', 'co1', 'c1']","['v3', 'v4', 'co1', 'c1']","['v3', 'v4', 'co1', 'c1']",[],"[['v3', 'c1', 'v1', 'v2', 'v4', 'co1']]","['f1', 'fo1', 'f2']","['f1', 'fo1', 'f2']","['f1', 'fo1', 'f2']",[],4,4,4,-1,1.23977661132813E-05,1.71661376953125E-05,3.02791595458984E-05,-1
Sec1|Node25|Edge7,f1 -> f2,1,1,1,1,1,1,1,1,"[[2, 'v2', 'v4'], [2, 'co1', 'v1'], [1, 'v1']]",[],[],[],[],"[['v2', 'c1', 'v4', 'co1', 'v1', 'v3']]","['f1', 'f2']","['f1', 'f2']","['f1', 'f2']","['f1', 'f2']",2,2,2,2,1.19209289550781E-05,1.88350677490234E-05,2.69412994384766E-05,0.000165700912476
Sec1|Node25|Edge8,f1 -> f2,1,1,1,1,1,1,1,1,"[[1, 'v2'], [2, 'v4', 'v1'], [2, 'v3', 'co1'], [2, 'v1', 'v2'], [2, 'co1', 'v4']]",[],[],[],[],"[['v2', 'c1', 'v1', 'v3', 'v4', 'co1']]","['f1', 'f2']","['f1', 'f2']","['f1', 'f2']","['f1', 'f2']",2,2,2,2,1.16825103759766E-05,1.81198120117187E-05,2.93254852294922E-05,0.000231504440308
Sec1|Node10|Edge1,f1 -> f2,1,1,1,1,1,1,1,1,"[[1, 'v1'], [2, 'v1', 'co1']]",[],[],[],[],"[['v1', 'c1', 'co1']]","['f1', 'fo1', 'f2']","['f1', 'fo1', 'f2']","['f1', 'fo1', 'f2']","['f1', 'fo1', 'f2']",4,4,4,4,1.33514404296875E-05,2.09808349609375E-05,5.17368316650391E-05,0.000108242034912
Sec1|Node10|Edge2,f1 -> f2,1,1,1,1,1,1,1,1,"[[1, 'co1'], [1, 'v1']]",[],[],[],[],"[['co1', 'c1', 'v1']]","['f1', 'f2']","['f1', 'f2']","['f1', 'f2']","['f1', 'f2']",2,2,2,2,1.40666961669922E-05,2.57492065429687E-05,2.98023223876953E-05,9.20295715332031E-05
Sec1|Node10|Edge3,f1 -> f2,1,1,1,1,1,1,1,1,"[[1, 'v1'], [2, 'v1', 'co1']]",[],[],[],[],"[['v1', 'c1', 'co1']]","['f1', 'fo1', 'f2']","['f1', 'fo1', 'f2']","['f1', 'fo1', 'f2']","['f1', 'fo1', 'f2']",4,4,4,4,1.50203704833984E-05,2.31266021728516E-05,4.38690185546875E-05,0.000108480453491
Sec1|Node10|Edge4,f1 -> f2,1,1,1,1,1,1,1,1,"[[1, 'co1']]",[],[],[],[],"[['co1', 'c1', 'v1']]","['f1', 'fo1', 'f2']","['f1', 'fo1', 'f2']","['f1', 'fo1', 'f2']","['f1', 'fo1', 'f2']",4,4,4,4,1.35898590087891E-05,2.36034393310547E-05,5.05447387695313E-05,0.000108957290649
Sec1|Node10|Edge5,f1 -> f2,1,1,1,1,1,1,1,1,"[[1, 'co1'], [2, 'co1', 'v1']]",[],[],[],[],"[['co1', 'c1', 'v1']]","['f1', 'f2']","['f1', 'f2']","['f1', 'f2']","['f1', 'f2']",2,2,2,2,1.45435333251953E-05,2.33650207519531E-05,2.74181365966797E-05,9.29832458496094E-05
Sec1|Node10|Edge6,f1 -> f2,1,1,1,1,0,0,0,1,"[[2, 'v1', 'co1']]","['co1', 'c1']","['co1', 'c1']","['co1', 'c1']",[],"[['v1', 'c1', 'co1']]","['f1', 'fo1', 'f2']","['f1', 'fo1', 'f2']","['f1', 'fo1', 'f2']","['f1', 'fo1', 'f6', 'f2']",4,4,4,6,1.43051147460938E-05,2.14576721191406E-05,3.95774841308594E-05,9.32216644287109E-05
Sec1|Node10|Edge7,f1 -> f2,1,1,1,0,0,0,0,2,"[[2, 'co1', 'v1'], [1, 'v1']]","['co1', 'c1']","['co1', 'c1']","['co1', 'c1']",[],"[['co1', 'c1', 'v1']]","['f1', 'fo1', 'f3', 'f5', 'f2']","['f1', 'fo1', 'f3', 'f5', 'f2']","['f1', 'fo1', 'f3', 'f4', 'f2']",[],8,8,8,-1,1.38282775878906E-05,1.81198120117187E-05,5.14984130859375E-05,-1
Sec1|Node10|Edge8,f1 -> f2,1,1,1,1,1,1,1,1,"[[1, 'v1'], [1, 'co1']]",[],[],[],[],"[['v1', 'c1', 'co1']]","['f1', 'f2']","['f1', 'f2']","['f1', 'f2']","['f1', 'f2']",2,2,2,2,1.43051147460938E-05,2.19345092773437E-05,1.88350677490234E-05,7.43865966796875E-05
Sec1|Node24|Edge1,f1 -> f2,1,1,1,0,0,0,0,2,"[[1, 'v2'], [1, 'co1'], [1, 'v1'], [2, 'co2', 'v2'], [2, 'v2', 'co1']]","['v4', 'c2']","['v4', 'c2']","['v3', 'co1', 'co2', 'c1']",[],"[['v2', 'c2', 'v4'], ['co1', 'c1', 'v1', 'v3', 'co2']]","['f1', 'f4', 'f2']","['f1', 'f4', 'f2']","['f1', 'f3', 'f2']",[],4,4,4,-1,1.12056732177734E-05,1.43051147460938E-05,3.0517578125E-05,-1
Sec1|Node24|Edge2,f1 -> f2,1,1,1,0,0,0,0,2,"[[2, 'co2', 'v3'], [2, 'co1', 'v3'], [1, 'co2'], [2, 'v1', 'v2']]","['co2', 'c1']","['co2', 'c1']","['co2', 'c1']",[],"[['co2', 'c1', 'v2', 'v4', 'co1'], ['v3', 'c2', 'v1']]","['f1', 'f4', 'f2']","['f1', 'f4', 'f2']","['f1', 'f4', 'f2']",[],4,4,4,-1,1.09672546386719E-05,1.38282775878906E-05,3.14712524414062E-05,-1
Sec1|Node24|Edge3,f1 -> f2,1,1,1,0,0,0,0,2,"[[2, 'co1', 'v2']]","['v2', 'co1', 'v3', 'c1', 'c2']","['v2', 'co1', 'v3', 'c1', 'c2']","['v2', 'co1', 'v3', 'c1', 'c2']",[],"[['co1', 'c1', 'co2', 'v1', 'c2', 'v2', 'v3', 'v4']]","['f1', 'f3', 'f2']","['f1', 'f3', 'f2']","['f1', 'f3', 'f2']",[],4,4,4,-1,1.09672546386719E-05,1.43051147460938E-05,2.74181365966797E-05,-1
Sec1|Node24|Edge4,f1 -> f2,1,1,1,0,0,0,0,2,"[[1, 'v1'], [2, 'co2', 'v4'], [1, 'v4']]","['v2', 'v3', 'c1', 'c2', 'co2']","['v2', 'v3', 'c1', 'c2', 'co2']","['v2', 'v3', 'c1', 'c2', 'co2']",[],"[['v1', 'c1', 'v4', 'v2', 'co2', 'c2', 'co1', 'v3']]","['f1', 'f2']","['f1', 'f2']","['f1', 'f2']",[],2,2,2,-1,1.12056732177734E-05,1.47819519042969E-05,2.24113464355469E-05,-1
Sec1|Node24|Edge5,f1 -> f2,1,1,1,0,0,0,0,2,"[[2, 'v2', 'co2'], [1, 'v1'], [2, 'v1', 'v3'], [1, 'co2'], [1, 'co1'], [2, 'v1', 'v2']]","['v3', 'c1', 'v2']","['v3', 'c1', 'v2']","['v3', 'c1', 'v2']",[],"[['v2', 'c2', 'v3', 'v1', 'co1', 'c1', 'co2', 'v4']]","['f1', 'f2']","['f1', 'f2']","['f1', 'f2']",[],2,2,2,-1,1.09672546386719E-05,1.66893005371094E-05,2.71797180175781E-05,-1
Sec1|Node24|Edge6,f1 -> f2,1,1,1,0,0,0,0,2,"[[1, 'v4'], [2, 'v1', 'co2']]","['co1', 'v1', 'v3', 'co2', 'c1', 'c2', 'v4']","['co1', 'v1', 'v3', 'co2', 'c1', 'c2', 'v4']","['co1', 'v1', 'v3', 'co2', 'c1', 'c2', 'v4']",[],"[['v4', 'c2', 'v1', 'v2', 'v3', 'co1', 'co2', 'c1']]","['f1', 'f4', 'f2']","['f1', 'f4', 'f2']","['f1', 'f4', 'f2']",[],4,4,4,-1,1.07288360595703E-05,1.50203704833984E-05,3.52859497070312E-05,-1
Sec1|Node24|Edge7,f1 -> f2,1,1,1,0,0,0,0,2,"[[1, 'co2']]","['v1', 'co2', 'c1', 'c2', 'v2', 'v3']","['v1', 'co2', 'c1', 'c2', 'v2', 'v3']","['v1', 'co2', 'c1', 'c2', 'v2', 'v3']",[],"[['co2', 'c1', 'v2', 'v3', 'co1', 'c2', 'v1', 'v4']]","['f1', 'f2']","['f1', 'f2']","['f1', 'f2']",[],2,2,2,-1,1.04904174804688E-05,1.43051147460938E-05,1.9073486328125E-05,-1
Sec1|Node24|Edge8,f1 -> f2,1,1,1,0,0,0,0,2,"[[1, 'v1'], [2, 'v3', 'co2'], [2, 'v4', 'v2'], [2, 'v4', 'co2'], [1, 'v3'], [2, 'v3', 'co1']]","['co2', 'c1', 'c2']","['co2', 'c1', 'c2']","['co2', 'c1', 'c2']",[],"[['v1', 'c2', 'v3', 'v4', 'co1', 'co2', 'c1', 'v2']]","['f1', 'f2']","['f1', 'f2']","['f1', 'f2']",[],2,2,2,-1,1.09672546386719E-05,1.69277191162109E-05,2.38418579101562E-05,-1
Sec1|Node18|Edge1,f1 -> f2,1,1,1,0,0,0,0,2,"[[2, 'v1', 'v3']]","['v2', 'v3', 'c1', 'c2', 'c3', 'v1']","['v2', 'v3', 'c1', 'c2', 'c3', 'v1']","['v2', 'v3', 'c1', 'c2', 'c3', 'v1']",[],"[['v1', 'c2', 'c3', 'v2', 'v3', 'c1']]","['f1', 'f2']","['f1', 'f2']","['f1', 'f2']",[],2,2,2,-1,9.29832458496094E-06,1.35898590087891E-05,1.93119049072266E-05,-1
Sec1|Node18|Edge2,f1 -> f2,1,1,1,0,0,0,0,2,"[[2, 'v3', 'v2']]","['v1', 'v2', 'c1', 'c2', 'c3']","['v1', 'v2', 'c1', 'c2', 'c3']","['v1', 'v2', 'c1', 'c2', 'c3']",[],"[['v3', 'c1', 'c2', 'v2', 'v1', 'c3']]","['f1', 'f2']","['f1', 'f2']","['f1', 'f2']",[],2,2,2,-1,9.29832458496094E-06,1.33514404296875E-05,1.88350677490234E-05,-1
Sec1|Node18|Edge3,f1 -> f2,1,1,1,1,1,1,1,1,"[[1, 'v3'], [2, 'v2', 'v3'], [1, 'v2']]","['v1', 'c1']","['v1', 'c1']","['v1', 'c1']","['v1', 'c1']","[['v3', 'c3'], ['v2', 'c2']]","['f1', 'f2']","['f1', 'f2']","['f1', 'f2']","['f1', 'f2']",2,2,2,2,1.04904174804688E-05,1.26361846923828E-05,2.05039978027344E-05,0.000109434127808
Sec1|Node18|Edge4,f1 -> f2,1,1,1,0,0,0,0,2,"[[1, 'v3'], [1, 'v1'], [2, 'v2', 'v1']]","['v1', 'v2', 'c1', 'c2']","['v1', 'v2', 'c1', 'c2']","['v1', 'v2', 'c1', 'c2']",[],"[['v3', 'c1', 'v1', 'v2', 'c2']]","['f1', 'f2']","['f1', 'f2']","['f1', 'f2']",[],2,2,2,-1,1.33514404296875E-05,1.35898590087891E-05,1.9073486328125E-05,-1
Sec1|Node18|Edge5,f1 -> f2,1,1,1,0,0,0,0,2,"[[2, 'v1', 'v2'], [1, 'v1']]","['v1', 'c1', 'c3']","['v1', 'c1', 'c3']","['v1', 'c1', 'c3']",[],"[['v1', 'c1', 'c3', 'v2', 'v3']]","['f1', 'f2']","['f1', 'f2']","['f1', 'f2']",[],2,2,2,-1,1.00135803222656E-05,1.33514404296875E-05,1.9073486328125E-05,-1
Sec1|Node18|Edge6,f1 -> f2,1,1,1,1,1,1,1,1,"[[1, 'v3']]",[],[],[],[],"[['v3', 'c1', 'c3', 'v1', 'v2', 'c2']]","['f1', 'f2']","['f1', 'f2']","['f1', 'f2']","['f1', 'f2']",2,2,2,2,9.5367431640625E-06,1.26361846923828E-05,1.95503234863281E-05,6.43730163574219E-05
Sec1|Node18|Edge7,f1 -> f2,1,1,1,0,0,0,0,2,"[[1, 'v1'], [1, 'v2'], [2, 'v3', 'v2']]","['v2', 'c1', 'c2', 'c3', 'v1', 'v3']","['v2', 'c1', 'c2', 'c3', 'v1', 'v3']","['v2', 'c1', 'c2', 'c3', 'v1', 'v3']",[],"[['v1', 'c2', 'c3', 'v2', 'c1', 'v3']]","['f1', 'f2']","['f1', 'f2']","['f1', 'f2']",[],2,2,2,-1,9.29832458496094E-06,1.43051147460938E-05,2.12192535400391E-05,-1
Sec1|Node18|Edge8,f1 -> f2,1,1,1,1,1,1,1,1,"[[2, 'v3', 'v2'], [2, 'v3', 'v1'], [1, 'v3']]",[],[],[],[],"[['v3', 'c1', 'c2', 'v1', 'v2', 'c3']]","['f1', 'f2']","['f1', 'f2']","['f1', 'f2']","['f1', 'f2']",2,2,2,2,1.04904174804688E-05,1.35898590087891E-05,1.88350677490234E-05,0.000166654586792
Sec1|Node3|Edge1,f1 -> f2,1,1,1,0,0,0,0,2,"[[1, 'co3'], [2, 'co2', 'co1']]","['v1', 'c2']","['v1', 'c2']","['v1', 'c2']",[],"[['co3', 'c3'], ['co2', 'c1', 'c4', 'co1', 'c2', 'v1']]","['f1', 'fo1', 'f2']","['f1', 'fo1', 'f2']","['f1', 'fo1', 'f2']",[],4,4,4,-1,1.19209289550781E-05,1.62124633789062E-05,3.62396240234375E-05,-1
Sec1|Node3|Edge2,f1 -> f2,1,1,1,1,0,0,0,1,"[[1, 'v1']]","['co3', 'c1']","['co3', 'c1']","['co3', 'c1']","['co1', 'co2', 'c3', 'c4']","[['v1', 'c1', 'co3']]","['f1', 'f2']","['f1', 'f2']","['f1', 'f2']","['f1', 'fo1', 'f2']",2,2,2,4,1.19209289550781E-05,1.69277191162109E-05,1.95503234863281E-05,7.39097595214844E-05
Sec1|Node3|Edge3,f1 -> f2,1,1,1,1,1,1,1,1,"[[1, 'co2'], [1, 'co1']]","['co3', 'c4']","['co3', 'c4']","['co3', 'c4']","['co3', 'c4']","[['co2', 'c2'], ['co1', 'c3']]","['f1', 'fo1', 'f2']","['f1', 'fo1', 'f2']","['f1', 'fo1', 'f2']","['f1', 'fo1', 'f2']",4,4,4,4,1.21593475341797E-05,1.64508819580078E-05,3.52859497070312E-05,7.91549682617187E-05
Sec1|Node3|Edge4,f1 -> f2,1,1,1,0,0,0,0,2,"[[1, 'co1'], [2, 'v1', 'co3'], [2, 'co2', 'v1'], [2, 'co1', 'co3']]","['co2', 'c4', 'v1']","['co2', 'c4', 'v1']","['co2', 'c4', 'v1']",[],"[['co1', 'c4', 'v1', 'co2'], ['co3', 'c1']]","['f1', 'fo1', 'f2']","['f1', 'fo1', 'f2']","['f1', 'fo1', 'f2']",[],4,4,4,-1,1.19209289550781E-05,1.69277191162109E-05,3.45706939697266E-05,-1
Sec1|Node3|Edge5,f1 -> f2,1,1,1,1,1,1,1,1,"[[2, 'co3', 'co1'], [1, 'co3'], [2, 'v1', 'co2'], [2, 'co3', 'v1']]",[],[],[],[],"[['co3', 'c4', 'v1', 'c3', 'co2'], ['co1', 'c2']]","['f1', 'f2']","['f1', 'f2']","['f1', 'f2']","['f1', 'f2']",2,2,2,2,1.07288360595703E-05,1.59740447998047E-05,1.93119049072266E-05,0.000267744064331
Sec1|Node3|Edge6,f1 -> f2,1,1,1,1,1,1,1,1,"[[1, 'co1'], [1, 'v1'], [2, 'v1', 'co2']]",[],[],[],[],"[['co1', 'c3'], ['v1', 'c2'], ['co2', 'c1']]","['f1', 'f2']","['f1', 'f2']","['f1', 'f2']","['f1', 'f2']",2,2,2,2,1.12056732177734E-05,1.9073486328125E-05,2.36034393310547E-05,0.000167846679688
Sec1|Node3|Edge7,f1 -> f2,1,1,1,1,1,1,1,1,"[[2, 'v1', 'co1']]",[],[],[],[],"[['v1', 'c1', 'co3'], ['co1', 'c3']]","['f1', 'f2']","['f1', 'f2']","['f1', 'f2']","['f1', 'f2']",2,2,2,2,1.23977661132813E-05,1.81198120117187E-05,2.288818359375E-05,0.000240564346313
Sec1|Node3|Edge8,f1 -> f2,1,1,1,1,0,0,0,1,"[[2, 'v1', 'co1'], [2, 'co3', 'co2']]","['co2', 'co3', 'c3']","['co2', 'co3', 'c3']","['co2', 'co3', 'c3']","['v1', 'c1', 'c2']","[['v1', 'c1', 'c2'], ['co1', 'c3', 'co2', 'co3']]","['f1', 'f2']","['f1', 'f2']","['f1', 'f2']","['f1', 'f4', 'f2']",2,2,2,4,1.23977661132813E-05,1.97887420654297E-05,2.50339508056641E-05,0.000404834747314
Sec1|Node8|Edge1,f1 -> f2,1,1,1,0,0,0,0,2,"[[2, 'v5', 'v4'], [1, 'v5'], [2, 'v2', 'v4'], [2, 'v2', 'v3']]","['v2', 'c1']","['v2', 'c1']","['v2', 'c1']",[],"[['v5', 'c1', 'v1', 'v2', 'v3', 'v4']]","['f1', 'f2']","['f1', 'f2']","['f1', 'f2']",[],2,2,2,-1,1.16825103759766E-05,1.78813934326172E-05,2.62260437011719E-05,-1
Sec1|Node8|Edge2,f1 -> f2,1,1,1,1,1,1,1,1,"[[1, 'v4'], [1, 'v5'], [2, 'v1', 'v3'], [2, 'v5', 'v3']]",[],[],[],[],"[['v4', 'c1', 'v1', 'v2', 'v3', 'v5']]","['f1', 'f2']","['f1', 'f2']","['f1', 'f2']","['f1', 'f2']",2,2,2,2,1.19209289550781E-05,1.85966491699219E-05,2.69412994384766E-05,0.000168800354004
Sec1|Node8|Edge3,f1 -> f2,1,1,1,1,1,1,1,1,"[[1, 'v1'], [1, 'v4'], [1, 'v3'], [1, 'v2']]",[],[],[],[],"[['v1', 'c1', 'v5', 'v3', 'v2', 'v4']]","['f1', 'f2']","['f1', 'f2']","['f1', 'f2']","['f1', 'f2']",2,2,2,2,1.19209289550781E-05,1.66893005371094E-05,1.83582305908203E-05,0.000149726867676
Sec1|Node8|Edge4,f1 -> f2,1,1,1,0,0,0,0,2,"[[2, 'v1', 'v3'], [1, 'v3']]","['v4', 'c1', 'v3', 'v5']","['v4', 'c1', 'v3', 'v5']","['v4', 'c1', 'v3', 'v5']",[],"[['v1', 'c1', 'v3', 'v2', 'v4', 'v5']]","['f1', 'f2']","['f1', 'f2']","['f1', 'f2']",[],2,2,2,-1,1.45435333251953E-05,1.95503234863281E-05,2.64644622802734E-05,-1
Sec1|Node8|Edge5,f1 -> f2,1,1,1,1,0,0,1,1,"[[1, 'v5']]","['v4', 'c1', 'v3', 'v5']","['v4', 'c1', 'v3', 'v5']",[],[],"[['v5', 'c1', 'v3', 'v4', 'v1', 'v2']]","['f1', 'fo1', 'f2']","['f1', 'fo1', 'f2']","['f1', 'f3', 'f2']","['f1', 'f3', 'f2']",4,4,4,4,1.26361846923828E-05,1.71661376953125E-05,3.64780426025391E-05,8.22544097900391E-05
Sec1|Node8|Edge6,f1 -> f2,1,1,1,1,0,0,0,1,"[[1, 'v5'], [1, 'v3'], [2, 'v1', 'v5']]","['v2', 'v5', 'c1', 'v1']","['v2', 'v5', 'c1', 'v1']","['v2', 'v5', 'c1', 'v1']",[],"[['v5', 'c1', 'v1', 'v2', 'v3', 'v4']]","['f1', 'f2']","['f1', 'f2']","['f1', 'f2']","['f1', 'fo1', 'f2']",2,2,2,4,1.19209289550781E-05,1.97887420654297E-05,2.90870666503906E-05,0.000168323516846
Sec1|Node8|Edge7,f1 -> f2,1,1,1,1,1,1,1,1,"[[2, 'v4', 'v5'], [2, 'v4', 'v2'], [2, 'v1', 'v3'], [1, 'v5'], [1, 'v3']]",[],[],[],[],"[['v4', 'c1', 'v2', 'v1', 'v3', 'v5']]","['f1', 'fo2', 'f2']","['f1', 'fo2', 'f2']","['f1', 'fo2', 'f2']","['f1', 'fo2', 'f2']",4,4,4,4,1.21593475341797E-05,1.57356262207031E-05,3.48091125488281E-05,0.000232934951782
Sec1|Node8|Edge8,f1 -> f2,1,1,1,1,0,0,0,1,"[[2, 'v3', 'v2'], [2, 'v1', 'v5'], [2, 'v5', 'v3'], [2, 'v1', 'v2']]","['v5', 'c1']","['v5', 'c1']","['v5', 'c1']",[],"[['v3', 'c1', 'v1', 'v2', 'v4', 'v5']]","['f1', 'f2']","['f1', 'f2']","['f1', 'f2']","['f1', 'f3', 'f2']",2,2,2,4,1.28746032714844E-05,1.81198120117187E-05,2.36034393310547E-05,0.00020956993103
Sec1|Node16|Edge1,f1 -> f2,1,1,1,1,1,1,1,1,"[[2, 'v2', 'v3'], [2, 'v3', 'co1'], [2, 'v1', 'v2']]",[],[],[],[],"[['v2', 'c1', 'v1', 'v3', 'co1']]","['f1', 'f2']","['f1', 'f2']","['f1', 'f2']","['f1', 'f2']",2,2,2,2,1.38282775878906E-05,2.02655792236328E-05,2.24113464355469E-05,0.000145435333252
Sec1|Node16|Edge2,f1 -> f2,1,1,1,0,0,0,0,2,"[[1, 'co1'], [2, 'v3', 'co1'], [2, 'v1', 'v2']]","['v3', 'c1', 'co1']","['v3', 'c1', 'co1']","['v3', 'c1', 'co1']",[],"[['co1', 'c1', 'v3', 'v1', 'v2']]","['f1', 'f4', 'f2']","['f1', 'f4', 'f2']","['f1', 'f4', 'f2']",[],4,4,4,-1,1.43051147460938E-05,2.05039978027344E-05,3.09944152832031E-05,-1
Sec1|Node16|Edge3,f1 -> f2,1,1,1,0,0,0,0,2,"[[2, 'v2', 'v3'], [2, 'v3', 'v1']]","['v1', 'v2', 'c1', 'co1']","['v1', 'v2', 'c1', 'co1']","['v1', 'v2', 'c1', 'co1']",[],"[['v2', 'c1', 'co1', 'v1', 'v3']]","['f1', 'fo1', 'f2']","['f1', 'fo1', 'f2']","['f1', 'fo1', 'f2']",[],4,4,4,-1,1.28746032714844E-05,1.81198120117187E-05,3.83853912353516E-05,-1
Sec1|Node16|Edge4,f1 -> f2,1,1,1,1,1,1,1,1,"[[1, 'v2']]",[],[],[],[],"[['v2', 'c1', 'v1', 'v3', 'co1']]","['f1', 'fo1', 'f2']","['f1', 'fo1', 'f2']","['f1', 'fo1', 'f2']","['f1', 'fo1', 'f2']",4,4,4,4,1.38282775878906E-05,1.83582305908203E-05,3.31401824951172E-05,7.03334808349609E-05
Sec1|Node16|Edge5,f1 -> f2,1,1,1,0,0,0,0,2,"[[1, 'v2']]","['v1', 'v3', 'co1', 'v2', 'c1']","['v1', 'v3', 'co1', 'v2', 'c1']","['v1', 'v3', 'co1', 'v2', 'c1']",[],"[['v2', 'c1', 'co1', 'v1', 'v3']]","['f1', 'f3', 'fo1', 'f6', 'f2']","['f1', 'f3', 'fo1', 'f6', 'f2']","['f1', 'f3', 'fo1', 'f6', 'f2']",[],8,8,8,-1,1.31130218505859E-05,1.78813934326172E-05,4.57763671875E-05,-1
Sec1|Node16|Edge6,f1 -> f2,1,1,1,1,0,0,0,1,"[[2, 'v2', 'v3'], [2, 'co1', 'v3']]","['co1', 'c1', 'v1']","['co1', 'c1', 'v1']","['co1', 'c1', 'v1']",[],"[['v2', 'c1', 'v1', 'v3', 'co1']]","['f1', 'f4', 'fo1', 'f2']","['f1', 'f4', 'fo1', 'f2']","['f1', 'f4', 'fo1', 'f2']","['f1', 'f3', 'f4', 'fo1', 'f2']",6,6,6,8,1.38282775878906E-05,2.00271606445312E-05,5.26905059814453E-05,0.000138521194458
Sec1|Node16|Edge7,f1 -> f2,1,1,1,0,0,0,0,2,"[[2, 'v3', 'co1'], [1, 'v3'], [1, 'co1']]","['co1', 'v1', 'c1']","['co1', 'v1', 'c1']","['co1', 'v1', 'c1']",[],"[['v3', 'c1', 'v1', 'v2', 'co1']]","['f1', 'fo1', 'f2']","['f1', 'fo1', 'f2']","['f1', 'fo1', 'f2']",[],4,4,4,-1,1.40666961669922E-05,1.93119049072266E-05,3.48091125488281E-05,-1
Sec1|Node16|Edge8,f1 -> f2,1,1,1,1,1,1,1,1,"[[1, 'v1']]",[],[],[],[],"[['v1', 'c1', 'co1', 'v2', 'v3']]","['f1', 'f2']","['f1', 'f2']","['f1', 'f2']","['f1', 'f2']",2,2,2,2,1.40666961669922E-05,1.88350677490234E-05,2.288818359375E-05,6.60419464111328E-05
Sec1|Node5|Edge1,f1 -> f2,1,1,1,1,1,1,1,1,"[[1, 'v3'], [1, 'v1']]",[],[],[],[],"[['v3', 'c1', 'v2', 'v1']]","['f1', 'f2']","['f1', 'f2']","['f1', 'f2']","['f1', 'f2']",2,2,2,2,1.12056732177734E-05,1.54972076416016E-05,2.31266021728516E-05,7.36713409423828E-05
Sec1|Node5|Edge2,f1 -> f2,1,1,1,1,0,0,0,1,"[[2, 'v3', 'v2']]","['v1', 'v2', 'c1']","['v1', 'v2', 'c1']","['v1', 'v2', 'c1']",[],"[['v3', 'c1', 'v1', 'v2']]","['f1', 'f2']","['f1', 'f2']","['f1', 'f2']","['f1', 'fo1', 'f2']",2,2,2,4,1.02519989013672E-05,1.59740447998047E-05,2.21729278564453E-05,7.70092010498047E-05
Sec1|Node5|Edge3,f1 -> f2,1,1,1,0,0,0,0,2,"[[2, 'v1', 'v3'], [1, 'v3']]","['v1', 'v2', 'c1', 'v3']","['v1', 'v2', 'c1', 'v3']","['v1', 'v2', 'c1', 'v3']",[],"[['v1', 'c1', 'v2', 'v3']]","['f1', 'fo2', 'f2']","['f1', 'fo2', 'f2']","['f1', 'fo2', 'f2']",[],4,4,4,-1,1.04904174804688E-05,1.45435333251953E-05,3.09944152832031E-05,-1
Sec1|Node5|Edge4,f1 -> f2,1,1,1,0,0,0,0,2,"[[1, 'v1'], [2, 'v1', 'v3']]","['v2', 'v3', 'c1']","['v2', 'v3', 'c1']","['v2', 'v3', 'c1']",[],"[['v1', 'c1', 'v2', 'v3']]","['f1', 'f2']","['f1', 'f2']","['f1', 'f2']",[],2,2,2,-1,1.1444091796875E-05,1.43051147460938E-05,1.83582305908203E-05,-1
Sec1|Node5|Edge5,f1 -> f2,1,1,1,1,1,1,1,1,"[[2, 'v1', 'v2']]",[],[],[],[],"[['v1', 'c1', 'v3', 'v2']]","['f1', 'fo2', 'f2']","['f1', 'fo2', 'f2']","['f1', 'fo2', 'f2']","['f1', 'fo2', 'f2']",4,4,4,4,1.07288360595703E-05,1.43051147460938E-05,2.6702880859375E-05,7.36713409423828E-05
Sec1|Node5|Edge6,f1 -> f2,1,1,1,0,0,0,0,2,"[[2, 'v1', 'v3'], [2, 'v2', 'v1']]","['v3', 'c1']","['v3', 'c1']","['v3', 'c1']",[],"[['v1', 'c1', 'v2', 'v3']]","['f1', 'f2']","['f1', 'f2']","['f1', 'f2']",[],2,2,2,-1,1.07288360595703E-05,1.57356262207031E-05,1.9073486328125E-05,-1
Sec1|Node5|Edge7,f1 -> f2,1,1,1,0,0,0,0,2,"[[1, 'v2'], [2, 'v2', 'v1'], [1, 'v1']]","['v2', 'c1', 'v1']","['v2', 'c1', 'v1']","['v2', 'c1', 'v1']",[],"[['v2', 'c1', 'v1', 'v3']]","['f1', 'f2']","['f1', 'f2']","['f1', 'f2']",[],2,2,2,-1,1.16825103759766E-05,1.64508819580078E-05,1.93119049072266E-05,-1
Sec1|Node5|Edge8,f1 -> f2,1,1,1,1,1,1,1,1,"[[1, 'v3'], [2, 'v3', 'v2'], [2, 'v3', 'v1']]",[],[],[],[],"[['v3', 'c1', 'v1', 'v2']]","['f1', 'f2']","['f1', 'f2']","['f1', 'f2']","['f1', 'f2']",2,2,2,2,1.02519989013672E-05,1.54972076416016E-05,2.288818359375E-05,0.000109672546387
Sec1|Node19|Edge1,f1 -> f2,1,1,1,0,0,0,0,2,"[[2, 'v1', 'v3']]","['v3', 'c1']","['v3', 'c1']","['v3', 'c1']",[],"[['v1', 'c1', 'v2', 'v3']]","['f1', 'fo1', 'f2']","['f1', 'fo1', 'f2']","['f1', 'fo1', 'f2']",[],4,4,4,-1,2.288818359375E-05,1.93119049072266E-05,4.22000885009766E-05,-1
Sec1|Node19|Edge2,f1 -> f2,1,1,1,0,0,0,0,2,"[[1, 'v3'], [1, 'v1']]","['v2', 'c1', 'c2', 'v3']","['v2', 'c1', 'c2', 'v3']","['v2', 'c1', 'c2', 'v3']",[],"[['v3', 'c1', 'c2', 'v2', 'v1']]","['f1', 'f6', 'f3', 'f2']","['f1', 'f6', 'f3', 'f2']","['f1', 'f6', 'f3', 'f2']",[],6,6,6,-1,1.43051147460938E-05,1.9073486328125E-05,4.10079956054688E-05,-1
Sec1|Node19|Edge3,f1 -> f2,1,1,1,0,0,0,0,2,"[[1, 'v3']]","['v2', 'c1', 'c2']","['v2', 'c1', 'c2']","['v1', 'v3', 'v2', 'c1', 'c2']",[],"[['v3', 'c1', 'v1', 'v2', 'c2']]","['f1', 'fo2', 'fo1', 'f2']","['f1', 'fo2', 'fo1', 'f2']","['f1', 'f3', 'fo1', 'f2']",[],6,6,6,-1,1.45435333251953E-05,1.88350677490234E-05,4.33921813964844E-05,-1
Sec1|Node19|Edge4,f1 -> f2,1,1,1,0,0,0,0,2,"[[2, 'v3', 'v2'], [1, 'v3'], [1, 'v2']]","['v2', 'c1']","['v2', 'c1']","['v2', 'c1']",[],"[['v3', 'c1', 'v1', 'v2']]","['f1', 'f6', 'f2']","['f1', 'f6', 'f2']","['f1', 'f6', 'f2']",[],4,4,4,-1,1.47819519042969E-05,1.93119049072266E-05,3.12328338623047E-05,-1
Sec1|Node19|Edge5,f1 -> f2,1,1,1,0,0,0,0,2,"[[1, 'v3'], [2, 'v2', 'v3'], [2, 'v2', 'v1']]","['v1', 'v3', 'c1', 'c2', 'v2']","['v1', 'v3', 'c1', 'c2', 'v2']","['v1', 'v3', 'c1', 'c2', 'v2']",[],"[['v3', 'c1', 'v1', 'v2', 'c2']]","['f1', 'f5', 'fo2', 'f2']","['f1', 'f5', 'fo2', 'f2']","['f1', 'f5', 'fo2', 'f2']",[],6,6,6,-1,1.54972076416016E-05,1.93119049072266E-05,4.07695770263672E-05,-1
Sec1|Node19|Edge6,f1 -> f2,1,1,1,1,1,1,1,1,"[[1, 'v1'], [1, 'v3'], [1, 'v2']]",[],[],[],[],"[['v1', 'c2'], ['v3', 'c1', 'v2']]","['f1', 'f5', 'f4', 'f2']","['f1', 'f5', 'f4', 'f2']","['f1', 'f5', 'f4', 'f2']","['f1', 'f5', 'f4', 'f2']",6,6,6,6,1.43051147460938E-05,2.07424163818359E-05,5.03063201904297E-05,0.000105619430542
Sec1|Node19|Edge7,f1 -> f2,1,1,1,1,1,1,1,1,"[[1, 'v2'], [2, 'v1', 'v3']]",[],[],[],[],"[['v2', 'c1', 'c2', 'v1', 'v3']]","['f1', 'f2']","['f1', 'f2']","['f1', 'f2']","['f1', 'f2']",2,2,2,2,1.35898590087891E-05,1.93119049072266E-05,3.09944152832031E-05,0.000107526779175
Sec1|Node19|Edge8,f1 -> f2,1,1,1,1,1,1,1,1,"[[2, 'v3', 'v1']]",[],[],[],[],"[['v3', 'c2'], ['v1', 'c1', 'v2']]","['f1', 'f2']","['f1', 'f2']","['f1', 'f2']","['f1', 'f2']",2,2,2,2,1.35898590087891E-05,2.09808349609375E-05,2.38418579101562E-05,0.000214338302612
Sec1|Node7|Edge1,f1 -> f2,1,1,1,0,0,0,0,2,"[[2, 'v3', 'v1'], [1, 'v2']]","['v1', 'v2', 'c2']","['v1', 'v2', 'c2']","['v1', 'v2', 'c2']",[],"[['v3', 'c2', 'v1', 'v2', 'co1', 'c1']]","['f1', 'f2']","['f1', 'f2']","['f1', 'f2']",[],2,2,2,-1,9.77516174316406E-06,1.45435333251953E-05,1.95503234863281E-05,-1
Sec1|Node7|Edge2,f1 -> f2,1,1,1,0,0,0,0,2,"[[2, 'co1', 'v3'], [1, 'v2'], [2, 'v2', 'co1'], [1, 'co1']]","['v1', 'v2', 'co1', 'c1', 'c2']","['v1', 'v2', 'co1', 'c1', 'c2']","['v1', 'v2', 'co1', 'c1', 'c2']",[],"[['co1', 'c1', 'c2', 'v2', 'v1', 'v3']]","['f1', 'f2']","['f1', 'f2']","['f1', 'f2']",[],2,2,2,-1,1.02519989013672E-05,1.31130218505859E-05,2.05039978027344E-05,-1
Sec1|Node7|Edge3,f1 -> f2,1,1,1,0,0,0,0,2,"[[1, 'co1'], [1, 'v2']]","['v3', 'c2', 'v1', 'co1']","['v3', 'c2', 'v1', 'co1']","['v3', 'c2', 'v1', 'co1']",[],"[['co1', 'c1', 'c2', 'v1', 'v2', 'v3']]","['f1', 'f2']","['f1', 'f2']","['f1', 'f2']",[],2,2,2,-1,9.77516174316406E-06,1.35898590087891E-05,2.00271606445312E-05,-1
Sec1|Node7|Edge4,f1 -> f2,1,1,1,1,1,1,1,1,"[[1, 'v1']]",[],[],[],[],"[['v1', 'c1', 'c2', 'v2', 'co1', 'v3']]","['f1', 'f2']","['f1', 'f2']","['f1', 'f2']","['f1', 'f2']",2,2,2,2,1.04904174804688E-05,1.21593475341797E-05,1.88350677490234E-05,6.34193420410156E-05
Sec1|Node7|Edge5,f1 -> f2,1,1,1,0,0,0,0,2,"[[1, 'v1'], [1, 'co1']]","['v1', 'c1', 'c2', 'v2', 'v3', 'co1']","['v1', 'c1', 'c2', 'v2', 'v3', 'co1']","['v1', 'c1', 'c2', 'v2', 'v3', 'co1']",[],"[['v1', 'c1', 'c2', 'v2', 'v3', 'co1']]","['f1', 'f2']","['f1', 'f2']","['f1', 'f2']",[],2,2,2,-1,1.16825103759766E-05,1.43051147460938E-05,2.288818359375E-05,-1
Sec1|Node7|Edge6,f1 -> f2,1,1,1,0,0,0,0,2,"[[1, 'v2']]","['v1', 'v2', 'c1', 'c2']","['v1', 'v2', 'c1', 'c2']","['v1', 'v2', 'c1', 'c2']",[],"[['v2', 'c1', 'v3', 'co1', 'c2', 'v1']]","['f1', 'f2']","['f1', 'f2']","['f1', 'f2']",[],2,2,2,-1,1.00135803222656E-05,1.33514404296875E-05,1.97887420654297E-05,-1
Sec1|Node7|Edge7,f1 -> f2,1,1,1,0,0,0,0,2,"[[1, 'v1'], [2, 'v1', 'v2']]","['co1', 'c1', 'c2', 'v1', 'v3']","['co1', 'c1', 'c2', 'v1', 'v3']","['co1', 'c1', 'c2', 'v1', 'v3']",[],"[['v1', 'c2', 'co1', 'v2', 'v3', 'c1']]","['f1', 'f2']","['f1', 'f2']","['f1', 'f2']",[],2,2,2,-1,1.00135803222656E-05,1.26361846923828E-05,1.88350677490234E-05,-1
Sec1|Node7|Edge8,f1 -> f2,1,1,1,0,0,0,0,2,"[[2, 'v2', 'co1'], [1, 'v2'], [1, 'v3']]","['v1', 'c1', 'v2', 'v3', 'co1']","['v1', 'c1', 'v2', 'v3', 'co1']","['v1', 'c1', 'v2', 'v3', 'co1']",[],"[['v2', 'c1', 'c2', 'v1', 'co1', 'v3']]","['f1', 'f2']","['f1', 'f2']","['f1', 'f2']",[],2,2,2,-1,1.12056732177734E-05,1.35898590087891E-05,1.97887420654297E-05,-1
Sec1|Node4|Edge1,f1 -> f2,1,1,1,0,0,0,0,2,"[[1, 'v2'], [2, 'co1', 'v1']]","['v2', 'v1', 'c1', 'co1']","['v2', 'v1', 'c1', 'co1']","['co1', 'c1', 'v1']",[],"[['v2', 'c1', 'v1', 'co1']]","['f1', 'fo2', 'f2']","['f1', 'fo2', 'f2']","['f1', 'fo1', 'f2']",[],4,4,4,-1,1.12056732177734E-05,1.54972076416016E-05,3.09944152832031E-05,-1
Sec1|Node4|Edge2,f1 -> f2,1,1,1,0,0,0,0,2,"[[1, 'co1']]","['v2', 'co1', 'c1', 'v1']","['v2', 'co1', 'c1', 'v1']","['v2', 'co1', 'c1', 'v1']",[],"[['co1', 'c1', 'v1', 'v2']]","['f1', 'fo2', 'f2']","['f1', 'fo2', 'f2']","['f1', 'fo2', 'f2']",[],4,4,4,-1,1.07288360595703E-05,1.45435333251953E-05,2.81333923339844E-05,-1
Sec1|Node4|Edge3,f1 -> f2,1,1,1,1,0,0,0,1,"[[2, 'v1', 'co1'], [1, 'v2'], [1, 'v1']]","['co1', 'c1', 'v1']","['co1', 'c1', 'v1']","['co1', 'c1', 'v1']",[],"[['v1', 'c1', 'v2', 'co1']]","['f1', 'f2']","['f1', 'f2']","['f1', 'f2']","['f1', 'fo1', 'f2']",2,2,2,4,1.02519989013672E-05,1.57356262207031E-05,2.31266021728516E-05,0.000107049942017
Sec1|Node4|Edge4,f1 -> f2,1,1,1,0,0,0,0,2,"[[1, 'v1'], [1, 'co1']]","['v1', 'co1', 'c1']","['v1', 'co1', 'c1']","['v1', 'co1', 'c1']",[],"[['v1', 'c1', 'v2', 'co1']]","['f1', 'fo1', 'f2']","['f1', 'fo1', 'f2']","['f1', 'fo1', 'f2']",[],4,4,4,-1,1.1444091796875E-05,1.43051147460938E-05,2.83718109130859E-05,-1
Sec1|Node4|Edge5,f1 -> f2,1,1,1,1,0,0,0,1,"[[1, 'v2'], [1, 'v1'], [2, 'co1', 'v2']]","['co1', 'c1']","['co1', 'c1']","['co1', 'c1']",[],"[['v2', 'c1', 'v1', 'co1']]","['f1', 'f2']","['f1', 'f2']","['f1', 'f2']","['f1', 'fo1', 'f2']",2,2,2,4,1.09672546386719E-05,1.62124633789062E-05,2.45571136474609E-05,0.000101804733276
Sec1|Node4|Edge6,f1 -> f2,1,1,1,1,1,1,1,1,"[[1, 'co1']]",[],[],[],[],"[['co1', 'c1', 'v2', 'v1']]","['f1', 'f2']","['f1', 'f2']","['f1', 'f2']","['f1', 'f2']",2,2,2,2,1.21593475341797E-05,1.76429748535156E-05,2.57492065429687E-05,5.62667846679688E-05
Sec1|Node4|Edge7,f1 -> f2,1,1,1,1,1,1,1,1,"[[2, 'v2', 'co1'], [1, 'v1'], [1, 'co1']]",[],[],[],[],"[['v2', 'c1', 'co1', 'v1']]","['f1', 'f2']","['f1', 'f2']","['f1', 'f2']","['f1', 'f2']",2,2,2,2,1.02519989013672E-05,1.45435333251953E-05,2.33650207519531E-05,9.84668731689453E-05
Sec1|Node4|Edge8,f1 -> f2,1,1,1,1,1,1,1,1,"[[1, 'co1'], [1, 'v1'], [1, 'v2']]",[],[],[],[],"[['co1', 'c1', 'v1', 'v2']]","['f1', 'fo2', 'f2']","['f1', 'fo2', 'f2']","['f1', 'fo2', 'f2']","['f1', 'fo2', 'f2']",4,4,4,4,1.07288360595703E-05,1.57356262207031E-05,3.07559967041016E-05,7.89165496826172E-05
Sec1|Node23|Edge1,f1 -> f2,1,1,1,0,0,0,0,2,"[[2, 'co1', 'co2'], [2, 'co3', 'v1']]","['v1', 'c2', 'co2']","['v1', 'c2', 'co2']","['v1', 'c2', 'co2']",[],"[['co1', 'c1', 'c2', 'co2', 'co3', 'v1']]","['f1', 'f2']","['f1', 'f2']","['f1', 'f2']",[],2,2,2,-1,1.00135803222656E-05,1.35898590087891E-05,1.88350677490234E-05,-1
Sec1|Node23|Edge2,f1 -> f2,1,1,1,1,1,1,1,1,"[[2, 'co3', 'v1']]",[],[],[],[],"[['co3', 'c1', 'c2', 'v1', 'co1', 'co2']]","['f1', 'f2']","['f1', 'f2']","['f1', 'f2']","['f1', 'f2']",2,2,2,2,1.02519989013672E-05,1.38282775878906E-05,1.9073486328125E-05,9.87052917480469E-05
Sec1|Node23|Edge3,f1 -> f2,1,1,1,0,0,0,0,2,"[[2, 'co3', 'co1'], [1, 'v1']]","['co1', 'co3', 'c1', 'c2', 'v1']","['co1', 'co3', 'c1', 'c2', 'v1']","['co1', 'co3', 'c1', 'c2', 'v1']",[],"[['co3', 'c1', 'c2', 'v1', 'co2', 'co1']]","['f1', 'f2']","['f1', 'f2']","['f1', 'f2']",[],2,2,2,-1,9.05990600585938E-06,1.35898590087891E-05,1.88350677490234E-05,-1
Sec1|Node23|Edge4,f1 -> f2,1,1,1,0,0,0,0,2,"[[2, 'co1', 'co3']]","['v1', 'c1', 'c2', 'co1']","['v1', 'c1', 'c2', 'co1']","['v1', 'c1', 'c2', 'co1']",[],"[['co1', 'c1', 'v1', 'co3', 'co2', 'c2']]","['f1', 'f2']","['f1', 'f2']","['f1', 'f2']",[],2,2,2,-1,1.04904174804688E-05,1.31130218505859E-05,1.9073486328125E-05,-1
Sec1|Node23|Edge5,f1 -> f2,1,1,1,0,0,0,0,2,"[[2, 'v1', 'co2'], [2, 'co1', 'co3'], [2, 'co3', 'co2'], [1, 'co2']]","['co2', 'c1', 'c2', 'v1', 'co3']","['co2', 'c1', 'c2', 'v1', 'co3']","['co2', 'c1', 'c2', 'v1', 'co3']",[],"[['v1', 'c1', 'c2', 'co1', 'co2', 'co3']]","['f1', 'f2']","['f1', 'f2']","['f1', 'f2']",[],2,2,2,-1,1.09672546386719E-05,1.28746032714844E-05,1.95503234863281E-05,-1
Sec1|Node23|Edge6,f1 -> f2,1,1,1,0,0,0,0,2,"[[2, 'co2', 'v1']]","['co2', 'c2', 'v1']","['co2', 'c2', 'v1']","['co2', 'c2', 'v1']",[],"[['co2', 'c2', 'v1', 'co1', 'c1', 'co3']]","['f1', 'f2']","['f1', 'f2']","['f1', 'f2']",[],2,2,2,-1,1.1444091796875E-05,1.35898590087891E-05,2.02655792236328E-05,-1
Sec1|Node23|Edge7,f1 -> f2,1,1,1,0,0,0,0,2,"[[1, 'v1'], [2, 'co3', 'co2'], [1, 'co2'], [1, 'co1']]","['v1', 'c2']","['v1', 'c2']","['v1', 'c2']",[],"[['v1', 'c2'], ['co3', 'c1', 'co1', 'co2']]","['f1', 'f2']","['f1', 'f2']","['f1', 'f2']",[],2,2,2,-1,9.05990600585938E-06,1.38282775878906E-05,1.88350677490234E-05,-1
Sec1|Node23|Edge8,f1 -> f2,1,1,1,0,0,0,0,2,"[[1, 'co3'], [1, 'v1'], [1, 'co1']]","['v1', 'co2', 'c1', 'c2']","['v1', 'co2', 'c1', 'c2']","['v1', 'co2', 'c1', 'c2']",[],"[['co3', 'c1', 'v1', 'co1', 'c2', 'co2']]","['f1', 'f2']","['f1', 'f2']","['f1', 'f2']",[],2,2,2,-1,1.12056732177734E-05,1.64508819580078E-05,2.02655792236328E-05,-1
Sec1|Node13|Edge1,f1 -> f2,1,1,1,1,1,1,1,1,"[[1, 'v4'], [2, 'v4', 'co1']]",[],[],[],[],"[['v4', 'c1', 'v1', 'co1', 'c2', 'c3', 'v3', 'v5', 'v2']]","['f1', 'f2']","['f1', 'f2']","['f1', 'f2']","['f1', 'f2']",2,2,2,2,1.28746032714844E-05,1.59740447998047E-05,2.40802764892578E-05,0.000195503234863
Sec1|Node13|Edge2,f1 -> f2,1,1,1,1,1,1,1,1,"[[2, 'v1', 'v2'], [2, 'v3', 'v1']]","['v3', 'c3']","['v3', 'c3']","['v3', 'c3']","['v3', 'c3']","[['v1', 'c1', 'v4', 'v5'], ['v2', 'c2', 'co1'], ['v3', 'c3']]","['f1', 'f2']","['f1', 'f2']","['f1', 'f2']","['f1', 'f2']",2,2,2,2,1.19209289550781E-05,1.45435333251953E-05,1.85966491699219E-05,0.000391244888306
Sec1|Node13|Edge3,f1 -> f2,1,1,1,0,0,0,0,2,"[[1, 'v5'], [2, 'co1', 'v4'], [2, 'v2', 'co1'], [2, 'v5', 'v2'], [1, 'co1'], [1, 'v3']]","['v3', 'v4', 'co1', 'c1', 'c2', 'c3']","['v3', 'v4', 'co1', 'c1', 'c2', 'c3']","['v3', 'v4', 'co1', 'c1', 'c2', 'c3']",[],"[['v5', 'c1', 'v2', 'v1', 'co1', 'c2', 'v3'], ['v4', 'c3']]","['f1', 'f2']","['f1', 'f2']","['f1', 'f2']",[],2,2,2,-1,1.07288360595703E-05,1.62124633789062E-05,2.26497650146484E-05,-1
Sec1|Node13|Edge4,f1 -> f2,1,1,1,0,0,0,0,2,"[[1, 'v3'], [2, 'v4', 'v2']]","['v1', 'v3', 'v4', 'c1', 'c3']","['v1', 'v3', 'v4', 'c1', 'c3']","['v1', 'v3', 'v4', 'c1', 'c3']",[],"[['v3', 'c1', 'v1', 'v2', 'v4', 'c3', 'co1', 'c2', 'v5']]","['f1', 'f2']","['f1', 'f2']","['f1', 'f2']",[],2,2,2,-1,1.04904174804688E-05,1.45435333251953E-05,1.9073486328125E-05,-1
Sec1|Node13|Edge5,f1 -> f2,1,1,1,0,0,0,0,2,"[[1, 'v4'], [1, 'v5'], [1, 'co1'], [1, 'v1'], [2, 'v3', 'v2'], [2, 'v3', 'v5']]","['v1', 'c1']","['v1', 'c1']","['v1', 'c1']",[],"[['v4', 'c3', 'co1', 'v3', 'c1', 'c2', 'v5', 'v1', 'v2']]","['f1', 'f2']","['f1', 'f2']","['f1', 'f2']",[],2,2,2,-1,1.04904174804688E-05,1.59740447998047E-05,2.38418579101562E-05,-1
Sec1|Node13|Edge6,f1 -> f2,1,1,1,0,0,0,0,2,"[[1, 'v3'], [1, 'v2'], [2, 'v2', 'v5']]","['v4', 'v5', 'v1', 'c1', 'c2', 'c3', 'co1']","['v4', 'v5', 'v1', 'c1', 'c2', 'c3', 'co1']","['v2', 'v3', 'co1', 'c1', 'c2', 'c3', 'v4']",[],"[['v3', 'c3', 'v1', 'co1', 'c2', 'c1', 'v4', 'v2', 'v5']]","['f1', 'f3', 'f2']","['f1', 'f3', 'f2']","['f1', 'fo1', 'f2']",[],4,4,4,-1,1.09672546386719E-05,1.62124633789062E-05,3.24249267578125E-05,-1
Sec1|Node13|Edge7,f1 -> f2,1,1,1,1,1,1,1,1,"[[2, 'v4', 'co1']]","['v1', 'v5', 'v2', 'v3', 'v4', 'c2', 'c3']","['v1', 'v5', 'v2', 'v3', 'v4', 'c2', 'c3']","['co1', 'c1']","['co1', 'c1']","[['v4', 'c2', 'v1', 'v3', 'v5'], ['co1', 'c1']]","['f1', 'fo1', 'f2']","['f1', 'fo1', 'f2']","['f1', 'f3', 'f2']","['f1', 'f3', 'f2']",4,4,4,4,1.1444091796875E-05,1.52587890625E-05,3.09944152832031E-05,0.000262498855591
Sec1|Node13|Edge8,f1 -> f2,1,1,1,0,0,0,0,2,"[[1, 'v4'], [1, 'v5']]","['co1', 'v1', 'c1', 'c2', 'c3']","['co1', 'v1', 'c1', 'c2', 'c3']","['v4', 'v2', 'v3', 'v5', 'c1', 'c2', 'c3']",[],"[['v4', 'c2', 'co1', 'c1', 'v5']]","['f1', 'fo1', 'f2']","['f1', 'fo1', 'f2']","['f1', 'f3', 'f2']",[],4,4,4,-1,1.12056732177734E-05,1.52587890625E-05,3.12328338623047E-05,-1
Sec1|Node1|Edge1,f1 -> f2,1,1,1,1,1,1,0,1,"[[1, 'v1'], [2, 'v2', 'v1']]",[],[],"['v1', 'c1']",[],"[['v1', 'c1', 'v2']]","['f1', 'f4', 'f2']","['f1', 'f4', 'f2']","['f1', 'fo1', 'f2']","['f1', 'f4', 'f2']",4,4,4,4,1.35898590087891E-05,2.19345092773437E-05,4.43458557128906E-05,0.000104188919067
Sec1|Node1|Edge2,f1 -> f2,1,1,1,1,1,1,1,1,"[[1, 'v1'], [2, 'v1', 'v2']]",[],[],[],[],"[['v1', 'c1', 'v2']]","['f1', 'f5', 'f2']","['f1', 'f5', 'f2']","['f1', 'f5', 'f2']","['f1', 'f5', 'f2']",4,4,4,4,1.35898590087891E-05,2.16960906982422E-05,4.50611114501953E-05,0.000110626220703
Sec1|Node1|Edge3,f1 -> f2,1,1,1,1,0,0,0,1,"[[1, 'v2']]","['v1', 'c1']","['v1', 'c1']","['v1', 'c1']",[],"[['v2', 'c1', 'v1']]","['f1', 'fo1', 'f2']","['f1', 'fo1', 'f2']","['f1', 'fo1', 'f2']","['f1', 'fo1', 'f4', 'f2']",4,4,4,6,1.35898590087891E-05,1.9073486328125E-05,2.76565551757812E-05,7.93933868408203E-05
Sec1|Node1|Edge4,f1 -> f2,1,1,1,1,0,0,0,1,"[[2, 'v2', 'v1'], [1, 'v2']]","['v2', 'c1']","['v2', 'c1']","['v2', 'c1']",[],"[['v2', 'c1', 'v1']]","['f1', 'fo1', 'f2']","['f1', 'fo1', 'f2']","['f1', 'fo1', 'f2']","['f1', 'fo2', 'fo1', 'f2']",4,4,4,6,1.43051147460938E-05,1.97887420654297E-05,4.41074371337891E-05,0.000105619430542
Sec1|Node1|Edge5,f1 -> f2,1,1,1,1,1,1,1,1,"[[1, 'v1'], [2, 'v2', 'v1']]",[],[],[],[],"[['v1', 'c1', 'v2']]","['f1', 'f2']","['f1', 'f2']","['f1', 'f2']","['f1', 'f2']",2,2,2,2,1.40666961669922E-05,2.09808349609375E-05,2.21729278564453E-05,8.55922698974609E-05
Sec1|Node1|Edge6,f1 -> f2,1,1,1,1,1,1,1,1,"[[2, 'v1', 'v2']]",[],[],[],[],"[['v1', 'c1', 'v2']]","['f1', 'f2']","['f1', 'f2']","['f1', 'f2']","['f1', 'f2']",2,2,2,2,1.38282775878906E-05,2.55107879638672E-05,2.90870666503906E-05,9.17911529541016E-05
Sec1|Node1|Edge7,f1 -> f2,1,1,1,1,1,1,1,1,"[[1, 'v1'], [1, 'v2']]",[],[],[],[],"[['v1', 'c1', 'v2']]","['f1', 'f2']","['f1', 'f2']","['f1', 'f2']","['f1', 'f2']",2,2,2,2,1.40666961669922E-05,2.71797180175781E-05,3.0517578125E-05,9.89437103271484E-05
Sec1|Node1|Edge8,f1 -> f2,1,1,1,1,0,0,0,1,"[[2, 'v2', 'v1'], [1, 'v2']]","['v2', 'c1']","['v2', 'c1']","['v2', 'c1']",[],"[['v2', 'c1', 'v1']]","['f1', 'f3', 'f4', 'f2']","['f1', 'f3', 'f4', 'f2']","['f1', 'f3', 'f4', 'f2']","['f1', 'f3', 'fo1', 'f2']",6,6,6,6,1.38282775878906E-05,1.88350677490234E-05,4.50611114501953E-05,0.000102996826172
Sec1|Node21|Edge1,f1 -> f2,1,1,1,1,1,1,1,1,"[[1, 'v1']]",[],[],[],[],"[['v1', 'c1']]","['f1', 'f2']","['f1', 'f2']","['f1', 'f2']","['f1', 'f2']",2,2,2,2,1.47819519042969E-05,1.97887420654297E-05,2.50339508056641E-05,7.27176666259766E-05
Sec1|Node21|Edge2,f1 -> f2,1,1,1,1,0,0,0,1,"[[1, 'v1']]","['v1', 'c2']","['v1', 'c2']","['v1', 'c2']","['v3', 'v2', 'c1']","[['v1', 'c2']]","['f1', 'fo1', 'f2']","['f1', 'fo1', 'f2']","['f1', 'fo1', 'f2']","['f1', 'fo3', 'fo4', 'f2']",4,4,4,6,1.38282775878906E-05,2.09808349609375E-05,4.57763671875E-05,8.79764556884766E-05
Sec1|Node21|Edge3,f1 -> f2,1,1,1,1,1,1,1,1,"[[2, 'v2', 'v3']]",[],[],[],[],"[['v2', 'c1', 'v1', 'v3']]","['f1', 'f2']","['f1', 'f2']","['f1', 'f2']","['f1', 'f2']",2,2,2,2,1.40666961669922E-05,2.07424163818359E-05,3.29017639160156E-05,9.01222229003906E-05
Sec1|Node21|Edge4,f1 -> f2,1,1,1,1,0,0,0,1,"[[2, 'v3', 'v2'], [1, 'v1']]","['v2', 'v3', 'c1', 'c2']","['v2', 'v3', 'c1', 'c2']","['v2', 'v3', 'c1', 'c2']",[],"[['v3', 'c1', 'c2', 'v2', 'v1']]","['f1', 'fo1', 'f2']","['f1', 'fo1', 'f2']","['f1', 'fo1', 'f2']","['f1', 'fo3', 'f2']",4,4,4,4,1.33514404296875E-05,1.83582305908203E-05,4.22000885009766E-05,0.00010871887207
Sec1|Node21|Edge5,f1 -> f2,1,1,1,1,0,0,0,1,"[[2, 'v2', 'v3']]","['v1', 'c1', 'c2']","['v1', 'c1', 'c2']","['v1', 'c1', 'c2']",[],"[['v2', 'c2', 'v1', 'c1', 'v3']]","['f1', 'f2']","['f1', 'f2']","['f1', 'f2']","['f1', 'fo4', 'f2']",2,2,2,4,1.47819519042969E-05,2.07424163818359E-05,3.19480895996094E-05,0.000106573104858
Sec1|Node21|Edge6,f1 -> f2,1,1,1,1,1,1,1,1,"[[1, 'v2'], [1, 'v3']]",[],[],[],[],"[['v2', 'c1'], ['v3', 'c2', 'v1']]","['f1', 'f2']","['f1', 'f2']","['f1', 'f2']","['f1', 'f2']",2,2,2,2,1.47819519042969E-05,2.12192535400391E-05,1.54972076416016E-05,6.89029693603516E-05
Sec1|Node21|Edge7,f1 -> f2,1,1,1,1,1,1,1,1,"[[2, 'v1', 'v2'], [1, 'v2'], [2, 'v1', 'v3']]",[],[],[],[],"[['v1', 'c1', 'c2', 'v2', 'v3']]","['f1', 'f2']","['f1', 'f2']","['f1', 'f2']","['f1', 'f2']",2,2,2,2,1.45435333251953E-05,1.83582305908203E-05,2.78949737548828E-05,0.000128984451294
Sec1|Node21|Edge8,f1 -> f2,1,1,1,1,1,1,1,1,"[[1, 'v1']]",[],[],[],[],"[['v1', 'c1', 'v3', 'c2', 'v2']]","['f1', 'f2']","['f1', 'f2']","['f1', 'f2']","['f1', 'f2']",2,2,2,2,1.33514404296875E-05,1.97887420654297E-05,2.6702880859375E-05,6.96182250976562E-05
Sec1|Node14|Edge1,f1 -> f2,1,1,1,1,1,1,1,1,"[[1, 'v1']]",[],[],[],[],"[['v1', 'c1', 'c2']]","['f1', 'f3', 'f2']","['f1', 'f3', 'f2']","['f1', 'f3', 'f2']","['f1', 'f3', 'f2']",4,4,4,4,1.35898590087891E-05,1.74045562744141E-05,3.83853912353516E-05,7.12871551513672E-05
Sec1|Node14|Edge2,f1 -> f2,1,1,1,1,0,0,0,1,"[[1, 'v1']]","['v1', 'c2']","['v1', 'c2']","['v1', 'c2']",[],"[['v1', 'c2']]","['f1', 'f2']","['f1', 'f2']","['f1', 'f2']","['f1', 'f3', 'f2']",2,2,2,4,1.33514404296875E-05,1.88350677490234E-05,2.288818359375E-05,7.51018524169922E-05
Sec1|Node14|Edge3,f1 -> f2,1,1,1,1,1,1,1,1,"[[1, 'v1']]",[],[],[],[],"[['v1', 'c1', 'c2']]","['f1', 'f2']","['f1', 'f2']","['f1', 'f2']","['f1', 'f2']",2,2,2,2,1.23977661132813E-05,1.78813934326172E-05,2.93254852294922E-05,6.34193420410156E-05
Sec1|Node14|Edge4,f1 -> f2,1,1,1,1,1,1,1,1,"[[1, 'v1']]",[],[],[],[],"[['v1', 'c1']]","['f1', 'f2']","['f1', 'f2']","['f1', 'f2']","['f1', 'f2']",2,2,2,2,1.33514404296875E-05,1.71661376953125E-05,1.9073486328125E-05,5.50746917724609E-05
Sec1|Node14|Edge5,f1 -> f2,1,1,1,1,0,0,0,1,"[[1, 'v1']]","['v1', 'c2']","['v1', 'c2']","['v1', 'c2']",[],"[['v1', 'c2']]","['f1', 'f4', 'f2']","['f1', 'f4', 'f2']","['f1', 'f4', 'f2']","['f1', 'f6', 'f3', 'f2']",4,4,4,6,1.21593475341797E-05,1.97887420654297E-05,4.24385070800781E-05,8.24928283691406E-05
Sec1|Node14|Edge6,f1 -> f2,1,1,1,1,1,1,1,1,"[[1, 'v1']]",[],[],[],[],"[['v1', 'c1', 'c2']]","['f1', 'f2']","['f1', 'f2']","['f1', 'f2']","['f1', 'f2']",2,2,2,2,1.26361846923828E-05,1.97887420654297E-05,2.64644622802734E-05,6.29425048828125E-05
Sec1|Node14|Edge7,f1 -> f2,1,1,1,1,1,1,1,1,"[[1, 'v1']]",[],[],[],[],"[['v1', 'c1', 'c2']]","['f1', 'f2']","['f1', 'f2']","['f1', 'f2']","['f1', 'f2']",2,2,2,2,1.28746032714844E-05,2.07424163818359E-05,1.95503234863281E-05,6.53266906738281E-05
Sec1|Node14|Edge8,f1 -> f2,1,1,1,1,1,1,1,1,"[[1, 'v1']]",[],[],[],[],"[['v1', 'c1', 'c2']]","['f1', 'f2']","['f1', 'f2']","['f1', 'f2']","['f1', 'f2']",2,2,2,2,1.64508819580078E-05,2.52723693847656E-05,2.55107879638672E-05,7.34329223632812E-05
Sec1|Node6|Edge1,f1 -> f2,1,1,1,1,0,0,0,1,"[[2, 'v3', 'v1'], [2, 'v2', 'v3'], [1, 'v2']]","['v3', 'c1']","['v3', 'c1']","['v3', 'c1']",[],"[['v3', 'c1', 'v2', 'v1', 'c2']]","['f1', 'f5', 'f2']","['f1', 'f5', 'f2']","['f1', 'f5', 'f2']","['f1', 'f4', 'f5', 'f2']",4,4,4,6,1.26361846923828E-05,1.85966491699219E-05,4.12464141845703E-05,0.000153779983521
Sec1|Node6|Edge2,f1 -> f2,1,1,1,0,0,0,0,2,"[[2, 'v3', 'v2'], [2, 'v1', 'v2']]","['v2', 'c1', 'c2']","['v2', 'c1', 'c2']","['v2', 'c1', 'c2']",[],"[['v3', 'c1', 'c2', 'v2', 'v1']]","['f1', 'f5', 'f2']","['f1', 'f5', 'f2']","['f1', 'f5', 'f2']",[],4,4,4,-1,1.28746032714844E-05,1.83582305908203E-05,3.50475311279297E-05,-1
Sec1|Node6|Edge3,f1 -> f2,1,1,1,1,1,1,0,1,"[[1, 'v2'], [1, 'v1']]",[],[],"['v3', 'c1', 'c2', 'v1', 'v2']",[],"[['v2', 'c1', 'c2', 'v1', 'v3']]","['f1', 'f3', 'f2']","['f1', 'f3', 'f2']","['f1', 'f5', 'f2']","['f1', 'f3', 'f2']",4,4,4,4,1.28746032714844E-05,1.85966491699219E-05,4.14848327636719E-05,0.000105142593384
Sec1|Node6|Edge4,f1 -> f2,1,1,1,1,0,0,0,1,"[[2, 'v2', 'v3'], [1, 'v2']]","['v3', 'c1']","['v3', 'c1']","['v3', 'c1']",[],"[['v2', 'c2', 'v1', 'c1', 'v3']]","['f1', 'f2']","['f1', 'f2']","['f1', 'f2']","['f1', 'f3', 'f5', 'f2']",2,2,2,6,1.21593475341797E-05,1.88350677490234E-05,2.55107879638672E-05,0.000113248825073
Sec1|Node6|Edge5,f1 -> f2,1,1,1,1,1,1,0,1,"[[2, 'v3', 'v2'], [1, 'v1'], [2, 'v1', 'v2']]",[],[],"['v1', 'v2', 'c1', 'c2']",[],"[['v3', 'c1', 'c2', 'v2', 'v1']]","['f1', 'f4', 'f2']","['f1', 'f4', 'f2']","['f1', 'f3', 'f2']","['f1', 'f4', 'f2']",4,4,4,4,1.33514404296875E-05,1.83582305908203E-05,3.50475311279297E-05,0.000139236450195
Sec1|Node6|Edge6,f1 -> f2,1,1,1,1,0,0,0,1,"[[1, 'v1'], [1, 'v3'], [1, 'v2']]","['v3', 'c1', 'c2', 'v1', 'v2']","['v3', 'c1', 'c2', 'v1', 'v2']","['v3', 'c1', 'c2', 'v1', 'v2']",[],"[['v1', 'c1', 'c2', 'v3', 'v2']]","['f1', 'f4', 'f2']","['f1', 'f4', 'f2']","['f1', 'f4', 'f2']","['f1', 'f5', 'f4', 'f2']",4,4,4,6,1.28746032714844E-05,1.88350677490234E-05,4.33921813964844E-05,0.000126838684082
Sec1|Node6|Edge7,f1 -> f2,1,1,1,1,1,1,1,1,"[[2, 'v1', 'v2'], [1, 'v1'], [2, 'v2', 'v3']]",[],[],[],[],"[['v1', 'c2', 'v3', 'c1', 'v2']]","['f1', 'f2']","['f1', 'f2']","['f1', 'f2']","['f1', 'f2']",2,2,2,2,2.19345092773437E-05,2.90870666503906E-05,3.60012054443359E-05,0.000250577926636
Sec1|Node6|Edge8,f1 -> f2,1,1,1,1,1,1,1,1,"[[1, 'v2'], [1, 'v3'], [2, 'v1', 'v3']]",[],[],[],[],"[['v2', 'c2', 'v1'], ['v3', 'c1']]","['f1', 'f2']","['f1', 'f2']","['f1', 'f2']","['f1', 'f2']",2,2,2,2,1.21593475341797E-05,1.95503234863281E-05,1.83582305908203E-05,0.000183820724487
Sec1|Node17|Edge1,f1 -> f2,1,1,1,1,1,1,1,1,"[[1, 'v1']]",[],[],[],[],"[['v1', 'c1', 'c2']]","['f1', 'f7', 'f2']","['f1', 'f7', 'f2']","['f1', 'f7', 'f2']","['f1', 'f7', 'f2']",4,4,4,4,1.54972076416016E-05,1.97887420654297E-05,3.26633453369141E-05,7.58171081542969E-05
Sec1|Node17|Edge2,f1 -> f2,1,1,1,1,1,1,1,1,"[[1, 'v1']]",[],[],[],[],"[['v1', 'c1', 'c2']]","['f1', 'f4', 'fo1', 'f5', 'f2']","['f1', 'f4', 'fo1', 'f5', 'f2']","['f1', 'f4', 'fo1', 'f5', 'f2']","['f1', 'f4', 'fo1', 'f5', 'f2']",8,8,8,8,1.57356262207031E-05,2.36034393310547E-05,5.84125518798828E-05,9.70363616943359E-05
Sec1|Node17|Edge3,f1 -> f2,1,1,1,1,1,1,1,1,"[[1, 'v1']]",[],[],[],[],"[['v1', 'c1', 'c2']]","['f1', 'f2']","['f1', 'f2']","['f1', 'f2']","['f1', 'f2']",2,2,2,2,1.45435333251953E-05,2.55107879638672E-05,2.81333923339844E-05,7.86781311035156E-05
Sec1|Node17|Edge4,f1 -> f2,1,1,1,1,1,1,1,1,"[[1, 'v1']]",[],[],[],[],"[['v1', 'c1', 'c2']]","['f1', 'fo1', 'f4', 'f2']","['f1', 'fo1', 'f4', 'f2']","['f1', 'fo1', 'f4', 'f2']","['f1', 'fo1', 'f4', 'f2']",6,6,6,6,1.54972076416016E-05,2.33650207519531E-05,6.31809234619141E-05,0.00011157989502
Sec1|Node17|Edge5,f1 -> f2,1,1,1,1,1,1,1,1,"[[1, 'v1']]",[],[],[],[],"[['v1', 'c1', 'c2']]","['f1', 'fo1', 'f2']","['f1', 'fo1', 'f2']","['f1', 'fo1', 'f2']","['f1', 'fo1', 'f2']",4,4,4,4,1.40666961669922E-05,2.21729278564453E-05,5.05447387695313E-05,9.36985015869141E-05
Sec1|Node17|Edge6,f1 -> f2,1,1,1,1,1,1,1,1,"[[1, 'v1']]",[],[],[],[],"[['v1', 'c2']]","['f1', 'f3', 'f2']","['f1', 'f3', 'f2']","['f1', 'f7', 'f2']","['f1', 'f7', 'f2']",4,4,4,4,1.47819519042969E-05,2.24113464355469E-05,3.79085540771484E-05,8.03470611572266E-05
Sec1|Node17|Edge7,f1 -> f2,1,1,1,1,1,1,1,1,"[[1, 'v1']]",[],[],[],[],"[['v1', 'c1']]","['f1', 'fo1', 'f2']","['f1', 'fo1', 'f2']","['f1', 'fo1', 'f2']","['f1', 'fo1', 'f2']",4,4,4,4,1.47819519042969E-05,2.19345092773437E-05,3.86238098144531E-05,8.08238983154297E-05
Sec1|Node17|Edge8,f1 -> f2,1,1,1,1,1,1,1,1,"[[1, 'v1']]",[],[],[],[],"[['v1', 'c1', 'c2']]","['f1', 'fo1', 'f2']","['f1', 'fo1', 'f2']","['f1', 'fo1', 'f2']","['f1', 'fo1', 'f2']",4,4,4,4,1.45435333251953E-05,2.26497650146484E-05,4.48226928710938E-05,9.41753387451172E-05
Sec1|Node15|Edge1,f1 -> f2,1,1,1,0,0,0,0,2,"[[1, 'v2'], [2, 'co2', 'v2'], [2, 'co1', 'v1'], [2, 'v2', 'v1']]","['v1', 'v2', 'c1', 'c2', 'co1', 'co2', 'co3']","['v1', 'v2', 'c1', 'c2', 'co1', 'co2', 'co3']","['v1', 'v2', 'c1', 'c2', 'co1', 'co2', 'co3']",[],"[['v2', 'c1', 'co1', 'v1', 'co2', 'c2', 'co3']]","['f1', 'f2']","['f1', 'f2']","['f1', 'f2']",[],2,2,2,-1,1.12056732177734E-05,1.52587890625E-05,1.97887420654297E-05,-1
Sec1|Node15|Edge2,f1 -> f2,1,1,1,0,0,0,0,2,"[[1, 'co2'], [1, 'v2'], [2, 'co1', 'v2']]","['co3', 'c1']","['co3', 'c1']","['co3', 'c1']",[],"[['co2', 'c1', 'co1', 'v1', 'v2', 'co3', 'c2']]","['f1', 'f2']","['f1', 'f2']","['f1', 'f2']",[],2,2,2,-1,1.19209289550781E-05,1.64508819580078E-05,2.55107879638672E-05,-1
Sec1|Node15|Edge3,f1 -> f2,1,1,1,0,0,0,0,2,"[[1, 'co2'], [2, 'v1', 'co2'], [1, 'co1'], [1, 'v1']]","['co1', 'co2', 'v2', 'co3', 'c1']","['co1', 'co2', 'v2', 'co3', 'c1']","['co1', 'co2', 'v2', 'co3', 'c1']",[],"[['co2', 'c1', 'v2', 'co1', 'co3'], ['v1', 'c2']]","['f1', 'f4', 'f2']","['f1', 'f4', 'f2']","['f1', 'f4', 'f2']",[],4,4,4,-1,1.1444091796875E-05,1.43051147460938E-05,3.02791595458984E-05,-1
Sec1|Node15|Edge4,f1 -> f2,1,1,1,0,0,0,0,2,"[[2, 'v2', 'co3'], [1, 'co1']]","['v2', 'co1', 'c1', 'c2', 'v1', 'co3', 'co2']","['v2', 'co1', 'c1', 'c2', 'v1', 'co3', 'co2']","['v2', 'co1', 'c1', 'c2', 'v1', 'co3', 'co2']",[],"[['v2', 'c2', 'v1', 'co3', 'co1', 'co2', 'c1']]","['f1', 'f2']","['f1', 'f2']","['f1', 'f2']",[],2,2,2,-1,1.09672546386719E-05,1.47819519042969E-05,2.26497650146484E-05,-1
Sec1|Node15|Edge5,f1 -> f2,1,1,1,0,0,0,0,2,"[[1, 'co1'], [1, 'co3'], [2, 'v2', 'co1']]","['v1', 'co2', 'c1', 'co3']","['v1', 'co2', 'c1', 'co3']","['v1', 'co2', 'c1', 'co3']",[],"[['co1', 'c1', 'v1', 'v2', 'co2', 'co3', 'c2']]","['f1', 'f2']","['f1', 'f2']","['f1', 'f2']",[],2,2,2,-1,1.1444091796875E-05,1.50203704833984E-05,2.43186950683594E-05,-1
Sec1|Node15|Edge6,f1 -> f2,1,1,1,0,0,0,0,2,"[[1, 'co3'], [2, 'co2', 'co3'], [2, 'co1', 'co2'], [1, 'v1'], [2, 'v2', 'co1']]","['co1', 'co3', 'c1', 'c2', 'v2', 'co2']","['co1', 'co3', 'c1', 'c2', 'v2', 'co2']","['co1', 'co3', 'c1', 'c2', 'v2', 'co2']",[],"[['co3', 'c1', 'c2', 'v2', 'co2', 'co1', 'v1']]","['f1', 'f2']","['f1', 'f2']","['f1', 'f2']",[],2,2,2,-1,1.1444091796875E-05,1.50203704833984E-05,1.9073486328125E-05,-1
Sec1|Node15|Edge7,f1 -> f2,1,1,1,0,0,0,0,2,"[[2, 'co2', 'co1'], [2, 'co3', 'v2'], [1, 'v2'], [2, 'v1', 'co1']]","['v2', 'co2', 'c1', 'c2', 'co3']","['v2', 'co2', 'c1', 'c2', 'co3']","['v2', 'co2', 'c1', 'c2', 'co3']",[],"[['co2', 'c1', 'c2', 'v2', 'co3', 'co1', 'v1']]","['f1', 'f3', 'f2']","['f1', 'f3', 'f2']","['f1', 'f3', 'f2']",[],4,4,4,-1,1.16825103759766E-05,1.43051147460938E-05,2.86102294921875E-05,-1
Sec1|Node15|Edge8,f1 -> f2,1,1,1,1,1,1,1,1,"[[2, 'v2', 'co3'], [2, 'v1', 'co2'], [2, 'v2', 'co2']]",[],[],[],[],"[['v2', 'c1', 'co1', 'co3', 'v1', 'c2', 'co2']]","['f1', 'f2']","['f1', 'f2']","['f1', 'f2']","['f1', 'f2']",2,2,2,2,1.21593475341797E-05,1.40666961669922E-05,1.93119049072266E-05,0.000203132629395
Sec1|Node12|Edge1,f1 -> f2,1,1,1,0,0,0,0,2,"[[1, 'v2'], [2, 'v1', 'v2']]","['v2', 'c2']","['v2', 'c2']","['v2', 'c2']",[],"[['v2', 'c2', 'v1', 'c4']]","['f1', 'f4', 'f2']","['f1', 'f4', 'f2']","['f1', 'f4', 'f2']",[],4,4,4,-1,1.26361846923828E-05,1.71661376953125E-05,3.52859497070312E-05,-1
Sec1|Node12|Edge2,f1 -> f2,1,1,1,1,1,1,1,1,"[[1, 'v2']]","['v1', 'c2']","['v1', 'c2']","['v1', 'c2']","['v1', 'c2']","[['v2', 'c4']]","['f1', 'fo1', 'f2']","['f1', 'fo1', 'f2']","['f1', 'fo1', 'f2']","['f1', 'fo1', 'f2']",4,4,4,4,1.16825103759766E-05,1.57356262207031E-05,3.45706939697266E-05,6.58035278320312E-05
Sec1|Node12|Edge3,f1 -> f2,1,1,1,1,1,1,1,1,"[[2, 'v2', 'v1'], [1, 'v1']]",[],[],[],[],"[['v2', 'c1', 'c5', 'v1', 'c2']]","['f1', 'f3', 'f2']","['f1', 'f3', 'f2']","['f1', 'f3', 'f2']","['f1', 'f3', 'f2']",4,4,4,4,1.16825103759766E-05,1.54972076416016E-05,3.52859497070312E-05,0.00011944770813
Sec1|Node12|Edge4,f1 -> f2,1,1,1,0,0,0,0,2,"[[2, 'v1', 'v2']]","['v2', 'v1', 'c2', 'c3', 'c6']","['v2', 'v1', 'c2', 'c3', 'c6']","['v2', 'v1', 'c2', 'c3', 'c6']",[],"[['v1', 'c3', 'c6', 'v2', 'c2']]","['f1', 'fo1', 'f2']","['f1', 'fo1', 'f2']","['f1', 'fo1', 'f2']",[],4,4,4,-1,1.1444091796875E-05,1.69277191162109E-05,3.52859497070312E-05,-1
Sec1|Node12|Edge5,f1 -> f2,1,1,1,1,0,0,0,1,"[[2, 'v2', 'v1'], [1, 'v2']]","['v2', 'c1']","['v2', 'c1']","['v2', 'c1']",[],"[['v2', 'c1', 'v1']]","['f1', 'fo1', 'f2']","['f1', 'fo1', 'f2']","['f1', 'fo1', 'f2']","['f1', 'f4', 'fo1', 'f2']",4,4,4,6,1.19209289550781E-05,1.62124633789062E-05,3.45706939697266E-05,9.48905944824219E-05
Sec1|Node12|Edge6,f1 -> f2,1,1,1,1,0,0,1,1,"[[1, 'v2'], [2, 'v1', 'v2']]","['v1', 'v2', 'c1', 'c3', 'c4', 'c5']","['v1', 'v2', 'c1', 'c3', 'c4', 'c5']",[],[],"[['v2', 'c3', 'c5'], ['v1', 'c1', 'c4']]","['f1', 'f4', 'f2']","['f1', 'f4', 'f2']","['f1', 'fo1', 'f2']","['f1', 'fo1', 'f2']",4,4,4,4,1.21593475341797E-05,1.74045562744141E-05,3.79085540771484E-05,0.000231027603149
Sec1|Node12|Edge7,f1 -> f2,1,1,1,1,1,1,1,1,"[[1, 'v1']]",[],[],[],[],"[['v1', 'c2', 'c4', 'c5', 'v2']]","['f1', 'f4', 'f2']","['f1', 'f4', 'f2']","['f1', 'f4', 'f2']","['f1', 'f4', 'f2']",4,4,4,4,1.19209289550781E-05,1.71661376953125E-05,3.79085540771484E-05,8.0108642578125E-05
Sec1|Node12|Edge8,f1 -> f2,1,1,1,1,1,1,1,1,"[[2, 'v2', 'v1']]",[],[],[],[],"[['v2', 'c2', 'c6', 'v1']]","['f1', 'f2']","['f1', 'f2']","['f1', 'f2']","['f1', 'f2']",2,2,2,2,1.21593475341797E-05,1.74045562744141E-05,2.31266021728516E-05,8.13007354736328E-05
Sec1|Node22|Edge1,f1 -> f2,1,1,1,1,0,0,0,1,"[[1, 'v2']]","['v2', 'c1']","['v2', 'c1']","['v2', 'c1']","['v1', 'c2']","[['v2', 'c1']]","['f1', 'f2']","['f1', 'f2']","['f1', 'f2']","['f1', 'fo4', 'f2']",2,2,2,4,1.31130218505859E-05,1.83582305908203E-05,1.97887420654297E-05,7.12871551513672E-05
Sec1|Node22|Edge2,f1 -> f2,1,1,1,1,1,1,1,1,"[[2, 'v1', 'v2']]",[],[],[],[],"[['v1', 'c1', 'c2', 'v2']]","['f1', 'f2']","['f1', 'f2']","['f1', 'f2']","['f1', 'f2']",2,2,2,2,1.31130218505859E-05,2.09808349609375E-05,2.74181365966797E-05,8.65459442138672E-05
Sec1|Node22|Edge3,f1 -> f2,1,1,1,1,1,1,1,1,"[[2, 'v1', 'v2'], [1, 'v1']]",[],[],[],[],"[['v1', 'c1', 'c2', 'v2']]","['f1', 'f2']","['f1', 'f2']","['f1', 'f2']","['f1', 'f2']",2,2,2,2,1.33514404296875E-05,1.81198120117187E-05,1.97887420654297E-05,8.86917114257813E-05
Sec1|Node22|Edge4,f1 -> f2,1,1,1,1,1,1,1,1,"[[1, 'v2']]",[],[],[],[],"[['v2', 'c1', 'c2', 'v1']]","['f1', 'f2']","['f1', 'f2']","['f1', 'f2']","['f1', 'f2']",2,2,2,2,1.23977661132813E-05,1.71661376953125E-05,3.00407409667969E-05,6.62803649902344E-05
Sec1|Node22|Edge5,f1 -> f2,1,1,1,1,1,1,1,1,"[[1, 'v1']]",[],[],[],[],"[['v1', 'c1', 'v2', 'c2']]","['f1', 'f2']","['f1', 'f2']","['f1', 'f2']","['f1', 'f2']",2,2,2,2,1.28746032714844E-05,2.16960906982422E-05,2.98023223876953E-05,7.58171081542969E-05
Sec1|Node22|Edge6,f1 -> f2,1,1,1,1,1,1,1,1,"[[1, 'v2']]",[],[],[],[],"[['v2', 'c2']]","['f1', 'f2']","['f1', 'f2']","['f1', 'f2']","['f1', 'f2']",2,2,2,2,1.26361846923828E-05,2.12192535400391E-05,2.6702880859375E-05,7.20024108886719E-05
Sec1|Node22|Edge7,f1 -> f2,1,1,1,1,1,1,1,1,"[[1, 'v2']]",[],[],[],[],"[['v2', 'c1', 'c2', 'v1']]","['f1', 'f2']","['f1', 'f2']","['f1', 'f2']","['f1', 'f2']",2,2,2,2,1.33514404296875E-05,2.09808349609375E-05,2.93254852294922E-05,7.84397125244141E-05
Sec1|Node22|Edge8,f1 -> f2,1,1,1,1,1,1,1,1,"[[1, 'v2'], [2, 'v2', 'v1']]",[],[],[],[],"[['v2', 'c1', 'c2', 'v1']]","['f1', 'f2']","['f1', 'f2']","['f1', 'f2']","['f1', 'f2']",2,2,2,2,1.71661376953125E-05,2.31266021728516E-05,2.43186950683594E-05,0.000111103057861
Sec1|Node20|Edge1,f1 -> f2,1,1,1,1,1,1,1,1,"[[2, 'v3', 'v2']]",[],[],[],[],"[['v3', 'c2'], ['v2', 'c1', 'v1']]","['f1', 'f2']","['f1', 'f2']","['f1', 'f2']","['f1', 'f2']",2,2,2,2,1.21593475341797E-05,1.47819519042969E-05,1.45435333251953E-05,0.000180244445801
Sec1|Node20|Edge2,f1 -> f2,1,1,1,1,1,1,1,1,"[[2, 'co1', 'v3'], [1, 'co1']]",[],[],[],[],"[['co1', 'c2', 'c3', 'c5', 'v1', 'v3', 'v2']]","['f1', 'f2']","['f1', 'f2']","['f1', 'f2']","['f1', 'f2']",2,2,2,2,1.1444091796875E-05,1.52587890625E-05,2.288818359375E-05,0.000144004821777
Sec1|Node20|Edge3,f1 -> f2,1,1,1,0,0,0,0,2,"[[1, 'v1'], [1, 'co1'], [1, 'v3']]","['v2', 'c5']","['v2', 'c5']","['v2', 'c5']",[],"[['v1', 'c3', 'co1', 'c2', 'c5', 'v3', 'v2', 'c1', 'c4']]","['f1', 'f3', 'f2']","['f1', 'f3', 'f2']","['f1', 'f3', 'f2']",[],4,4,4,-1,1.12056732177734E-05,1.40666961669922E-05,2.88486480712891E-05,-1
Sec1|Node20|Edge4,f1 -> f2,1,1,1,0,0,0,0,2,"[[1, 'v2']]","['v2', 'v3', 'c2', 'c3', 'c4', 'v1', 'co1']","['v2', 'v3', 'c2', 'c3', 'c4', 'v1', 'co1']","['v2', 'v3', 'c2', 'c3', 'c4', 'v1', 'co1']",[],"[['v2', 'c2', 'c4', 'v1', 'co1', 'c3', 'c1', 'v3']]","['f1', 'f3', 'f2']","['f1', 'f3', 'f2']","['f1', 'f3', 'f2']",[],4,4,4,-1,1.07288360595703E-05,1.45435333251953E-05,2.76565551757812E-05,-1
Sec1|Node20|Edge5,f1 -> f2,1,1,1,0,0,0,0,2,"[[1, 'v2'], [1, 'co1'], [2, 'v2', 'co1']]","['v3', 'c2', 'c5']","['v3', 'c2', 'c5']","['v3', 'c2', 'c5']",[],"[['v2', 'c1', 'c4', 'co1', 'c3', 'c5', 'v3', 'c2', 'v1']]","['f1', 'f2']","['f1', 'f2']","['f1', 'f2']",[],2,2,2,-1,1.12056732177734E-05,1.45435333251953E-05,2.24113464355469E-05,-1
Sec1|Node20|Edge6,f1 -> f2,1,1,1,0,0,0,0,2,"[[1, 'v1'], [1, 'v3'], [2, 'v3', 'co1']]","['v1', 'c3']","['v1', 'c3']","['v1', 'c3']",[],"[['v1', 'c3'], ['v3', 'c5', 'co1', 'c4', 'v2', 'c1', 'c2']]","['f1', 'f2']","['f1', 'f2']","['f1', 'f2']",[],2,2,2,-1,1.12056732177734E-05,1.47819519042969E-05,2.36034393310547E-05,-1
Sec1|Node20|Edge7,f1 -> f2,1,1,1,1,1,1,1,1,"[[1, 'v2'], [2, 'co1', 'v3'], [1, 'v3']]","['co1', 'c5']","['co1', 'c5']","['co1', 'c5']",[],"[['v2', 'c1'], ['co1', 'c5'], ['v3', 'c3', 'v1']]","['f1', 'f2']","['f1', 'f2']","['f1', 'f2']","['f1', 'f3', 'f2']",2,2,2,4,1.09672546386719E-05,1.54972076416016E-05,2.21729278564453E-05,0.000160694122314
Sec1|Node20|Edge8,f1 -> f2,1,1,1,1,1,1,1,1,"[[1, 'co1'], [2, 'co1', 'v2'], [2, 'v3', 'v1']]",[],[],[],[],"[['co1', 'c4', 'v2', 'v3', 'c3', 'v1']]","['f1', 'f2']","['f1', 'f2']","['f1', 'f2']","['f1', 'f2']",2,2,2,2,1.04904174804688E-05,1.52587890625E-05,2.62260437011719E-05,0.000174999237061
,,,,,,,,,,,,,,,,,,,,,,,,,,,
False positive,,,,,,107,107,108,0,,,,,,,,,,,,,,,,,,
True positive,,,,,,93,93,92,123,,,,,,,,,,,,,,,,,,
True negative,,,,,,0,0,0,77,,,,,,,,,,,,,,,,,,
False negative,,,,,,0,0,0,0,,,,,,,,,,,,,,,,,,
FP = fp / (fp+tn),,,,,,1,1,1,0,,,,,,,,,,,,,,,,,,
success rate,,,,,,0.465,0.465,0.46,1,,,,,,,,,,,,,,,,,,
